begin_time,end_time,filename,call_length,label,location,pst_or_master_tape_identifier,date,dataset,split_type
10.378472222222225,11.824652777777779,OS_9_27_2017_08_09_00__0002,1.4461805555555554,1,orcasound_lab,08:09:00,2017-09-27,podcast_round3,val
11.697048611111107,12.675347222222214,OS_9_27_2017_08_09_00__0002,0.9782986111111108,1,orcasound_lab,08:09:00,2017-09-27,podcast_round3,val
18.204861111111114,19.268229166666668,OS_9_27_2017_08_09_00__0002,1.0633680555555536,1,orcasound_lab,08:09:00,2017-09-27,podcast_round3,val
15.993055555555555,17.18402777777778,OS_9_27_2017_08_09_00__0002,1.1909722222222214,1,orcasound_lab,08:09:00,2017-09-27,podcast_round3,val
35.68663194444445,37.00520833333333,OS_9_27_2017_08_09_00__0002,1.3185763888888786,1,orcasound_lab,08:09:00,2017-09-27,podcast_round3,val
56.741319444444464,58.91059027777778,OS_9_27_2017_08_09_00__0002,2.1692708333333286,1,orcasound_lab,08:09:00,2017-09-27,podcast_round3,val
24.5,26.95,OS_9_27_2017_08_09_00__0004,2.45,1,orcasound_lab,08:09:00,2017-09-27,podcast_round3,val
21.56510416666667,23.09635416666667,OS_9_27_2017_08_09_00__0004,1.53125,1,orcasound_lab,08:09:00,2017-09-27,podcast_round3,val
27.902777777777786,29.221354166666675,OS_9_27_2017_08_09_00__0004,1.3185763888888893,1,orcasound_lab,08:09:00,2017-09-27,podcast_round3,val
51.63715277777778,53.46614583333334,OS_9_27_2017_08_09_00__0004,1.8289930555555567,1,orcasound_lab,08:09:00,2017-09-27,podcast_round3,val
58.10243055555557,59.93142361111114,OS_9_27_2017_08_09_00__0004,1.8289930555555567,1,orcasound_lab,08:09:00,2017-09-27,podcast_round3,val
7.694531250000002,9.594238281250002,OS_9_27_2017_08_14_00__0000,1.8997070312499995,1,orcasound_lab,08:14:00,2017-09-27,podcast_round3,val
26.01689453125,27.74912109375,OS_9_27_2017_08_14_00__0000,1.7322265624999993,1,orcasound_lab,08:14:00,2017-09-27,podcast_round3,val
13.51806640625,15.38427734375,OS_9_27_2017_08_14_00__0000,1.8662109375,1,orcasound_lab,08:14:00,2017-09-27,podcast_round3,val
16.43701171875,17.82470703125,OS_9_27_2017_08_14_00__0000,1.3876953125,1,orcasound_lab,08:14:00,2017-09-27,podcast_round3,val
18.39892578125,20.193359375,OS_9_27_2017_08_14_00__0000,1.79443359375,1,orcasound_lab,08:14:00,2017-09-27,podcast_round3,val
21.341796875,24.4521484375,OS_9_27_2017_08_14_00__0000,3.1103515625,1,orcasound_lab,08:14:00,2017-09-27,podcast_round3,val
30.31396484375,31.55810546875,OS_9_27_2017_08_14_00__0000,1.244140625,1,orcasound_lab,08:14:00,2017-09-27,podcast_round3,val
32.4912109375,33.75927734375,OS_9_27_2017_08_14_00__0000,1.26806640625,1,orcasound_lab,08:14:00,2017-09-27,podcast_round3,val
53.61767578125,55.5078125,OS_9_27_2017_08_14_00__0000,1.89013671875,1,orcasound_lab,08:14:00,2017-09-27,podcast_round3,val
58.283203125,60.962890625,OS_9_27_2017_08_14_00__0000,2.6796875,1,orcasound_lab,08:14:00,2017-09-27,podcast_round3,val
6.110451306413301,7.856294536817102,OS_9_27_2017_08_14_00__0002,1.7458432304038016,1,orcasound_lab,08:14:00,2017-09-27,podcast_round3,val
12.717881944444445,15.167881944444435,OS_9_27_2017_08_14_00__0004,2.4499999999999917,1,orcasound_lab,08:14:00,2017-09-27,podcast_round3,val
29.82534722222221,31.637326388888873,OS_9_27_2017_08_14_00__0004,1.8119791666666645,1,orcasound_lab,08:14:00,2017-09-27,podcast_round3,val
43.5045138888889,45.10381944444447,OS_9_27_2017_08_14_00__0004,1.59930555555556,1,orcasound_lab,08:14:00,2017-09-27,podcast_round3,val
48.4045138888889,50.344097222222224,OS_9_27_2017_08_14_00__0004,1.9395833333333317,1,orcasound_lab,08:14:00,2017-09-27,podcast_round3,val
3.5303819444444446,5.0616319444444455,OS_9_27_2017_08_14_00__0004,1.53125,1,orcasound_lab,08:14:00,2017-09-27,podcast_round3,val
18.84288194444445,20.289062500000004,OS_9_27_2017_08_14_00__0004,1.4461805555555536,1,orcasound_lab,08:14:00,2017-09-27,podcast_round3,val
21.692708333333336,23.649305555555557,OS_9_27_2017_08_14_00__0004,1.9565972222222208,1,orcasound_lab,08:14:00,2017-09-27,podcast_round3,val
38.28125,39.94010416666666,OS_9_27_2017_08_14_00__0004,1.6588541666666643,1,orcasound_lab,08:14:00,2017-09-27,podcast_round3,val
45.98003472222222,48.10677083333334,OS_9_27_2017_08_14_00__0004,2.1267361111111143,1,orcasound_lab,08:14:00,2017-09-27,podcast_round3,val
54.10416666666666,55.89062499999999,OS_9_27_2017_08_14_00__0004,1.7864583333333357,1,orcasound_lab,08:14:00,2017-09-27,podcast_round3,val
9.311163895486935,11.00851148060174,OS_9_27_2017_08_19_00__0001,1.6973475851148052,1,orcasound_lab,08:19:00,2017-09-27,podcast_round3,val
19.058788598574818,21.192596991290575,OS_9_27_2017_08_19_00__0001,2.133808392715757,1,orcasound_lab,08:19:00,2017-09-27,podcast_round3,val
22.259501187648453,23.85985748218527,OS_9_27_2017_08_19_00__0001,1.600356294536816,1,orcasound_lab,08:19:00,2017-09-27,podcast_round3,val
32.97703879651623,34.67438638163104,OS_9_27_2017_08_19_00__0001,1.6973475851148052,1,orcasound_lab,08:19:00,2017-09-27,podcast_round3,val
30.88020833333333,32.07118055555556,OS_9_27_2017_08_19_00__0003,1.190972222222225,1,orcasound_lab,08:19:00,2017-09-27,podcast_round3,val
11.994791666666664,13.866319444444445,OS_9_27_2017_08_19_00__0003,1.8715277777777783,1,orcasound_lab,08:19:00,2017-09-27,podcast_round3,val
36.11197916666666,37.685763888888886,OS_9_27_2017_08_19_00__0003,1.5737847222222283,1,orcasound_lab,08:19:00,2017-09-27,podcast_round3,val
37.8984375,40.23784722222222,OS_9_27_2017_08_19_00__0003,2.3394097222222205,1,orcasound_lab,08:19:00,2017-09-27,podcast_round3,val
45.89496527777778,47.80902777777778,OS_9_27_2017_08_19_00__0003,1.9140625,1,orcasound_lab,08:19:00,2017-09-27,podcast_round3,val
49.04253472222222,50.70138888888889,OS_9_27_2017_08_19_00__0003,1.6588541666666643,1,orcasound_lab,08:19:00,2017-09-27,podcast_round3,val
11.5322265625,16.0302734375,OS_9_27_2017_08_19_00__0004,4.498046875,1,orcasound_lab,08:19:00,2017-09-27,podcast_round3,val
16.365234375,19.044921875,OS_9_27_2017_08_19_00__0004,2.6796875,1,orcasound_lab,08:19:00,2017-09-27,podcast_round3,val
20.1455078125,21.6767578125,OS_9_27_2017_08_19_00__0004,1.53125,1,orcasound_lab,08:19:00,2017-09-27,podcast_round3,val
39.0947265625,40.9609375,OS_9_27_2017_08_19_00__0004,1.8662109375,1,orcasound_lab,08:19:00,2017-09-27,podcast_round3,val
5.7900390625,7.8955078125,OS_9_27_2017_08_25_00__0000,2.10546875,1,orcasound_lab,08:25:00,2017-09-27,podcast_round3,val
8.326171875,10.5751953125,OS_9_27_2017_08_25_00__0000,2.2490234375,1,orcasound_lab,08:25:00,2017-09-27,podcast_round3,val
2.6318359375,4.7373046875,OS_9_27_2017_08_25_00__0000,2.10546875,1,orcasound_lab,08:25:00,2017-09-27,podcast_round3,train
24.5,26.95,OS_9_27_2017_08_25_00__0001,2.45,1,orcasound_lab,08:25:00,2017-09-27,podcast_round3,train
38.51944444444445,40.96944444444445,OS_9_27_2017_08_25_00__0001,2.450000000000003,1,orcasound_lab,08:25:00,2017-09-27,podcast_round3,train
53.72986111111115,56.179861111111144,OS_9_27_2017_08_25_00__0001,2.450000000000003,1,orcasound_lab,08:25:00,2017-09-27,podcast_round3,train
56.60520833333335,59.05520833333336,OS_9_27_2017_08_25_00__0001,2.450000000000003,1,orcasound_lab,08:25:00,2017-09-27,podcast_round3,train
5.869791666666668,7.613715277777778,OS_9_27_2017_08_25_00__0001,1.7439236111111107,1,orcasound_lab,08:25:00,2017-09-27,podcast_round3,train
2.8072916666666665,4.551215277777779,OS_9_27_2017_08_25_00__0001,1.7439236111111105,1,orcasound_lab,08:25:00,2017-09-27,podcast_round3,train
0.0,1.7225653206650835,OS_9_27_2017_08_25_00__0002,1.7225653206650835,1,orcasound_lab,08:25:00,2017-09-27,podcast_round3,train
33.08760886777513,35.537608867775134,OS_9_27_2017_08_25_00__0002,2.450000000000003,1,orcasound_lab,08:25:00,2017-09-27,podcast_round3,train
36.75,39.2,OS_9_27_2017_08_25_00__0002,2.450000000000003,1,orcasound_lab,08:25:00,2017-09-27,podcast_round3,train
50.11539984164689,51.934956452889956,OS_9_27_2017_08_25_00__0002,1.8195566112430728,1,orcasound_lab,08:25:00,2017-09-27,podcast_round3,train
23.13242280285036,25.072248614410142,OS_9_27_2017_08_25_00__0002,1.9398258115597784,1,orcasound_lab,08:25:00,2017-09-27,podcast_round3,train
25.557205067300078,27.15756136183689,OS_9_27_2017_08_25_00__0002,1.600356294536816,1,orcasound_lab,08:25:00,2017-09-27,podcast_round3,train
29.776326207442594,31.37668250197941,OS_9_27_2017_08_25_00__0002,1.6003562945368195,1,orcasound_lab,08:25:00,2017-09-27,podcast_round3,train
40.83333333333333,42.14271575613618,OS_9_27_2017_08_25_00__0002,1.3093824228028552,1,orcasound_lab,08:25:00,2017-09-27,podcast_round3,train
45.44041963578781,47.04077593032464,OS_9_27_2017_08_25_00__0002,1.6003562945368233,1,orcasound_lab,08:25:00,2017-09-27,podcast_round3,train
47.67121931908154,49.65954077593031,OS_9_27_2017_08_25_00__0002,1.988321456848773,1,orcasound_lab,08:25:00,2017-09-27,podcast_round3,train
0.0,2.8783216783216785,OS_9_27_2017_08_30_00__0000,2.8783216783216785,1,orcasound_lab,08:30:00,2017-09-27,podcast_round3,train
19.6,22.621095571095573,OS_9_27_2017_08_30_00__0000,3.021095571095572,1,orcasound_lab,08:30:00,2017-09-27,podcast_round3,train
26.093356643356643,28.543356643356642,OS_9_27_2017_08_30_00__0000,2.45,1,orcasound_lab,08:30:00,2017-09-27,podcast_round3,train
30.351825951825948,33.610878010878004,OS_9_27_2017_08_30_00__0000,3.259052059052056,1,orcasound_lab,08:30:00,2017-09-27,podcast_round3,train
37.368686868686865,39.81868686868687,OS_9_27_2017_08_30_00__0000,2.450000000000003,1,orcasound_lab,08:30:00,2017-09-27,podcast_round3,train
44.1951825951826,46.64518259518261,OS_9_27_2017_08_30_00__0000,2.450000000000003,1,orcasound_lab,08:30:00,2017-09-27,podcast_round3,train
6.139277389277392,8.185703185703186,OS_9_27_2017_08_30_00__0000,2.046425796425795,1,orcasound_lab,08:30:00,2017-09-27,podcast_round3,train
12.135780885780886,14.229797979797981,OS_9_27_2017_08_30_00__0000,2.0940170940170937,1,orcasound_lab,08:30:00,2017-09-27,podcast_round3,train
47.5912975912976,50.11363636363637,OS_9_27_2017_08_30_00__0000,2.5223387723387773,1,orcasound_lab,08:30:00,2017-09-27,podcast_round3,train
50.351592851592855,52.207653457653464,OS_9_27_2017_08_30_00__0000,1.8560606060606093,1,orcasound_lab,08:30:00,2017-09-27,podcast_round3,train
53.5458984375,57.1826171875,OS_9_27_2017_08_30_00__0000,3.63671875,1,orcasound_lab,08:30:00,2017-09-27,podcast_round3,train
57.134765625,58.857421875,OS_9_27_2017_08_30_00__0000,1.72265625,1,orcasound_lab,08:30:00,2017-09-27,podcast_round3,train
59.240234375,60.91556162246489,OS_9_27_2017_08_30_00__0000,1.6753272474648997,1,orcasound_lab,08:30:00,2017-09-27,podcast_round3,train
17.72874015748031,19.599999999999994,OS_9_27_2017_08_30_00__0004,1.8712598425196845,1,orcasound_lab,08:30:00,2017-09-27,podcast_round3,train
20.564566929133857,23.014566929133853,OS_9_27_2017_08_30_00__0004,2.45,1,orcasound_lab,08:30:00,2017-09-27,podcast_round3,train
24.5,26.95,OS_9_27_2017_08_30_00__0004,2.45,1,orcasound_lab,08:30:00,2017-09-27,podcast_round3,train
26.95,29.4,OS_9_27_2017_08_30_00__0004,2.45,1,orcasound_lab,08:30:00,2017-09-27,podcast_round3,train
50.06102362204726,51.932283464566936,OS_9_27_2017_08_30_00__0004,1.8712598425196845,1,orcasound_lab,08:30:00,2017-09-27,podcast_round3,train
56.784055118110274,58.31771653543312,OS_9_27_2017_08_30_00__0004,1.533661417322833,1,orcasound_lab,08:30:00,2017-09-27,podcast_round3,train
59.468524944757434,61.09864305499364,OS_9_27_2017_08_30_00__0004,1.6301181102362037,1,orcasound_lab,08:30:00,2017-09-27,podcast_round3,train
51.99015748031496,53.43700787401576,OS_9_27_2017_08_30_00__0004,1.4468503937007924,1,orcasound_lab,08:30:00,2017-09-27,podcast_round3,train
0.0,2.45,OS_9_27_2017_08_35_00__0001,2.45,1,orcasound_lab,08:35:00,2017-09-27,podcast_round3,train
13.5419921875,15.9919921875,OS_9_27_2017_08_35_00__0001,2.45,1,orcasound_lab,08:35:00,2017-09-27,podcast_round3,train
44.10000000000001,46.55000000000001,OS_9_27_2017_08_35_00__0001,2.450000000000003,1,orcasound_lab,08:35:00,2017-09-27,podcast_round3,train
21.0068359375,23.447265625,OS_9_27_2017_08_35_00__0001,2.4404296875,1,orcasound_lab,08:35:00,2017-09-27,podcast_round3,train
26.6533203125,28.13671875,OS_9_27_2017_08_35_00__0001,1.4833984375,1,orcasound_lab,08:35:00,2017-09-27,podcast_round3,train
28.615234375,32.634765625,OS_9_27_2017_08_35_00__0001,4.01953125,1,orcasound_lab,08:35:00,2017-09-27,podcast_round3,train
9.8,11.43011811023622,OS_9_27_2017_08_35_00__0002,1.630118110236218,1,orcasound_lab,08:35:00,2017-09-27,podcast_round3,train
11.815944881889761,14.121259842519686,OS_9_27_2017_08_35_00__0002,2.3053149606299232,1,orcasound_lab,08:35:00,2017-09-27,podcast_round3,train
35.93011811023621,38.13897637795273,OS_9_27_2017_08_35_00__0002,2.2088582677165363,1,orcasound_lab,08:35:00,2017-09-27,podcast_round3,train
39.826968503937,42.276968503937006,OS_9_27_2017_08_35_00__0002,2.450000000000003,1,orcasound_lab,08:35:00,2017-09-27,podcast_round3,train
6.028543307086617,7.330708661417326,OS_9_27_2017_08_35_00__0002,1.3021653543307083,1,orcasound_lab,08:35:00,2017-09-27,podcast_round3,train
22.619094488188967,24.065944881889767,OS_9_27_2017_08_35_00__0002,1.4468503937007888,1,orcasound_lab,08:35:00,2017-09-27,podcast_round3,train
31.085708630245446,32.492082343626286,OS_9_27_2017_08_35_00__0002,1.4063737133808407,1,orcasound_lab,08:35:00,2017-09-27,podcast_round3,train
0.0,2.45,OS_9_27_2017_08_35_00__0003,2.45,1,orcasound_lab,08:35:00,2017-09-27,podcast_round3,train
4.612890625,7.0628906250000005,OS_9_27_2017_08_35_00__0003,2.45,1,orcasound_lab,08:35:00,2017-09-27,podcast_round3,train
11.1494140625,13.302734375,OS_9_27_2017_08_35_00__0003,2.1533203125,1,orcasound_lab,08:35:00,2017-09-27,podcast_round3,train
13.97265625,15.791015625,OS_9_27_2017_08_35_00__0003,1.818359375,1,orcasound_lab,08:35:00,2017-09-27,podcast_round3,train
16.0302734375,17.8486328125,OS_9_27_2017_08_35_00__0003,1.818359375,1,orcasound_lab,08:35:00,2017-09-27,podcast_round3,train
19.810546875,21.916015625,OS_9_27_2017_08_35_00__0003,2.10546875,1,orcasound_lab,08:35:00,2017-09-27,podcast_round3,train
30.1943359375,32.5390625,OS_9_27_2017_08_35_00__0003,2.3447265625,1,orcasound_lab,08:35:00,2017-09-27,podcast_round3,train
37.0849609375,39.046875,OS_9_27_2017_08_35_00__0003,1.9619140625,1,orcasound_lab,08:35:00,2017-09-27,podcast_round3,train
39.8125,41.822265625,OS_9_27_2017_08_35_00__0003,2.009765625,1,orcasound_lab,08:35:00,2017-09-27,podcast_round3,train
46.7509765625,48.42578125,OS_9_27_2017_08_35_00__0003,1.6748046875,1,orcasound_lab,08:35:00,2017-09-27,podcast_round3,train
48.8564453125,51.48828125,OS_9_27_2017_08_35_00__0003,2.6318359375,1,orcasound_lab,08:35:00,2017-09-27,podcast_round3,train
55.3642578125,56.9912109375,OS_9_27_2017_08_35_00__0003,1.626953125,1,orcasound_lab,08:35:00,2017-09-27,podcast_round3,train
57.134765625,59.1923828125,OS_9_27_2017_08_35_00__0003,2.0576171875,1,orcasound_lab,08:35:00,2017-09-27,podcast_round3,train
0.0,2.8232421875,OS_9_27_2017_08_46_00__0000,2.8232421875,1,orcasound_lab,08:46:00,2017-09-27,podcast_round3,train
20.671875,23.3994140625,OS_9_27_2017_08_46_00__0000,2.7275390625,1,orcasound_lab,08:46:00,2017-09-27,podcast_round3,train
24.9306640625,27.466796875,OS_9_27_2017_08_46_00__0000,2.5361328125,1,orcasound_lab,08:46:00,2017-09-27,podcast_round3,train
27.466796875,29.8115234375,OS_9_27_2017_08_46_00__0000,2.3447265625,1,orcasound_lab,08:46:00,2017-09-27,podcast_round3,train
0.0,2.196026261230132,OS_9_27_2017_08_46_00__0002,2.196026261230132,1,orcasound_lab,08:46:00,2017-09-27,podcast_round3,train
9.8,11.488078783690392,OS_9_27_2017_08_46_00__0002,1.6880787836903917,1,orcasound_lab,08:46:00,2017-09-27,podcast_round3,train
31.63835521769177,32.90314443676572,OS_9_27_2017_08_46_00__0002,1.2647892190739471,1,orcasound_lab,08:46:00,2017-09-27,podcast_round3,train
33.32643400138217,36.2843814789219,OS_9_27_2017_08_46_00__0002,2.957947477539733,1,orcasound_lab,08:46:00,2017-09-27,podcast_round3,train
55.63040774015207,57.0645127850726,OS_9_27_2017_08_46_00__0002,1.4341050449205284,1,orcasound_lab,08:46:00,2017-09-27,podcast_round3,train
3.00535590877678,4.6138562543192805,OS_9_27_2017_08_46_00__0002,1.6085003455425009,1,orcasound_lab,08:46:00,2017-09-27,podcast_round3,train
4.656185210780926,6.518659295093298,OS_9_27_2017_08_46_00__0002,1.8624740843123708,1,orcasound_lab,08:46:00,2017-09-27,podcast_round3,train
8.042501727712509,9.227712508638561,OS_9_27_2017_08_46_00__0002,1.1852107809260524,1,orcasound_lab,08:46:00,2017-09-27,podcast_round3,train
12.063752591568766,13.248963372494819,OS_9_27_2017_08_46_00__0002,1.185210780926054,1,orcasound_lab,08:46:00,2017-09-27,podcast_round3,train
14.34951624049758,15.534727021423635,OS_9_27_2017_08_46_00__0002,1.185210780926054,1,orcasound_lab,08:46:00,2017-09-27,podcast_round3,train
16.296648237733244,17.651174844505874,OS_9_27_2017_08_46_00__0002,1.3545266067726305,1,orcasound_lab,08:46:00,2017-09-27,podcast_round3,train
37.54578438147893,38.688666205943335,OS_9_27_2017_08_46_00__0002,1.1428818244644037,1,orcasound_lab,08:46:00,2017-09-27,podcast_round3,train
40.08552176917761,41.44004837595024,OS_9_27_2017_08_46_00__0002,1.3545266067726305,1,orcasound_lab,08:46:00,2017-09-27,podcast_round3,train
42.37128541810641,43.64115411195576,OS_9_27_2017_08_46_00__0002,1.2698686938493466,1,orcasound_lab,08:46:00,2017-09-27,podcast_round3,train
44.40307532826538,45.33431237042157,OS_9_27_2017_08_46_00__0002,0.9312370421561836,1,orcasound_lab,08:46:00,2017-09-27,podcast_round3,train
45.164996544574976,46.180891499654464,OS_9_27_2017_08_46_00__0002,1.0158949550794745,1,orcasound_lab,08:46:00,2017-09-27,podcast_round3,train
46.6041810642709,47.91637871458188,OS_9_27_2017_08_46_00__0002,1.3121976503109851,1,orcasound_lab,08:46:00,2017-09-27,podcast_round3,train
52.14927436074637,52.995853489979275,OS_9_27_2017_08_46_00__0002,0.8465791292329001,1,orcasound_lab,08:46:00,2017-09-27,podcast_round3,train
51.218037318590184,52.14927436074637,OS_9_27_2017_08_46_00__0002,0.9312370421561836,1,orcasound_lab,08:46:00,2017-09-27,podcast_round3,train
50.117484450587426,51.218037318590184,OS_9_27_2017_08_46_00__0002,1.1005528680027652,1,orcasound_lab,08:46:00,2017-09-27,podcast_round3,train
59.29340277777778,60.65451388888889,OS_9_27_2017_08_46_00__0002,1.3611111111111145,1,orcasound_lab,08:46:00,2017-09-27,podcast_round3,train
20.692121931908147,22.172209026128264,OS_9_27_2017_08_46_00__0003,1.4800870942201136,1,orcasound_lab,08:46:00,2017-09-27,podcast_round3,train
37.42893903404593,39.58796516231197,OS_9_27_2017_08_46_00__0003,2.159026128266035,1,orcasound_lab,08:46:00,2017-09-27,podcast_round3,train
41.65000000000001,44.100000000000016,OS_9_27_2017_08_46_00__0003,2.450000000000003,1,orcasound_lab,08:46:00,2017-09-27,podcast_round3,train
45.55486935866986,46.889469517022974,OS_9_27_2017_08_46_00__0003,1.3346001583531193,1,orcasound_lab,08:46:00,2017-09-27,podcast_round3,train
47.37442596991291,49.00000000000002,OS_9_27_2017_08_46_00__0003,1.6255740300871009,1,orcasound_lab,08:46:00,2017-09-27,podcast_round3,train
48.56353919239906,50.43159144893113,OS_9_27_2017_08_46_00__0003,1.8680522565320672,1,orcasound_lab,08:46:00,2017-09-27,podcast_round3,train
52.371417260490894,54.530443388756936,OS_9_27_2017_08_46_00__0003,2.159026128266035,1,orcasound_lab,08:46:00,2017-09-27,podcast_round3,train
56.350000000000016,58.80000000000002,OS_9_27_2017_08_46_00__0003,2.450000000000003,1,orcasound_lab,08:46:00,2017-09-27,podcast_round3,train
0.3879651623119557,1.988321456848773,OS_9_27_2017_08_46_00__0003,1.6003562945368173,1,orcasound_lab,08:46:00,2017-09-27,podcast_round3,train
2.958234362628662,4.558590657165478,OS_9_27_2017_08_46_00__0003,1.6003562945368164,1,orcasound_lab,08:46:00,2017-09-27,podcast_round3,train
40.154394299287404,41.12430720506729,OS_9_27_2017_08_46_00__0003,0.9699129057798856,1,orcasound_lab,08:46:00,2017-09-27,podcast_round3,train
36.274742676167854,37.97209026128266,OS_9_27_2017_08_46_00__0003,1.6973475851148052,1,orcasound_lab,08:46:00,2017-09-27,podcast_round3,train
3.7361045130641335,5.8951306413301685,OS_9_27_2017_08_46_00__0004,2.159026128266034,1,orcasound_lab,08:46:00,2017-09-27,podcast_round3,train
12.637965162311955,14.7,OS_9_27_2017_08_46_00__0004,2.0620348376880457,1,orcasound_lab,08:46:00,2017-09-27,podcast_round3,train
15.330443388756926,17.15,OS_9_27_2017_08_46_00__0004,1.8195566112430728,1,orcasound_lab,08:46:00,2017-09-27,podcast_round3,train
17.828939034045924,20.71539984164687,OS_9_27_2017_08_46_00__0004,2.8864608076009475,1,orcasound_lab,08:46:00,2017-09-27,podcast_round3,train
40.024425969912905,41.65,OS_9_27_2017_08_46_00__0004,1.625574030087094,1,orcasound_lab,08:46:00,2017-09-27,podcast_round3,train
46.55000000000001,49.00000000000002,OS_9_27_2017_08_46_00__0004,2.450000000000003,1,orcasound_lab,08:46:00,2017-09-27,podcast_round3,train
56.350000000000016,58.80000000000002,OS_9_27_2017_08_46_00__0004,2.450000000000003,1,orcasound_lab,08:46:00,2017-09-27,podcast_round3,train
21.629057798891527,22.647466349960407,OS_9_27_2017_08_46_00__0004,1.0184085510688838,1,orcasound_lab,08:46:00,2017-09-27,podcast_round3,train
36.177751385589865,37.535629453681715,OS_9_27_2017_08_46_00__0004,1.3578780680918427,1,orcasound_lab,08:46:00,2017-09-27,podcast_round3,train
42.09422011084719,44.131037212984964,OS_9_27_2017_08_46_00__0004,2.036817102137768,1,orcasound_lab,08:46:00,2017-09-27,podcast_round3,train
50.19299287410926,52.08432304038004,OS_9_27_2017_08_46_00__0004,1.891330166270784,1,orcasound_lab,08:46:00,2017-09-27,podcast_round3,train
23.71437054631829,24.975257323832146,OS_9_27_2017_08_46_00__0004,1.2608867775138568,1,orcasound_lab,08:46:00,2017-09-27,podcast_round3,train
10.717537608867774,12.026920031670626,OS_9_27_2017_08_46_00__0004,1.3093824228028517,1,orcasound_lab,08:46:00,2017-09-27,podcast_round3,train
38.117577197149636,39.232977038796506,OS_9_27_2017_08_46_00__0004,1.1153998416468696,1,orcasound_lab,08:46:00,2017-09-27,podcast_round3,train
2.45,4.9,OS_9_27_2017_08_57_00__0000,2.45,1,orcasound_lab,08:57:00,2017-09-27,podcast_round3,train
7.35,9.8,OS_9_27_2017_08_57_00__0000,2.45,1,orcasound_lab,08:57:00,2017-09-27,podcast_round3,train
31.85,34.300000000000004,OS_9_27_2017_08_57_00__0000,2.45,1,orcasound_lab,08:57:00,2017-09-27,podcast_round3,train
36.75,39.2,OS_9_27_2017_08_57_00__0000,2.450000000000003,1,orcasound_lab,08:57:00,2017-09-27,podcast_round3,train
39.2,41.65000000000001,OS_9_27_2017_08_57_00__0000,2.450000000000003,1,orcasound_lab,08:57:00,2017-09-27,podcast_round3,train
41.65000000000001,44.100000000000016,OS_9_27_2017_08_57_00__0000,2.450000000000003,1,orcasound_lab,08:57:00,2017-09-27,podcast_round3,train
44.10000000000001,46.55000000000001,OS_9_27_2017_08_57_00__0000,2.450000000000003,1,orcasound_lab,08:57:00,2017-09-27,podcast_round3,train
46.55000000000001,49.00000000000002,OS_9_27_2017_08_57_00__0000,2.450000000000003,1,orcasound_lab,08:57:00,2017-09-27,podcast_round3,train
49.00000000000002,51.45000000000002,OS_9_27_2017_08_57_00__0000,2.450000000000003,1,orcasound_lab,08:57:00,2017-09-27,podcast_round3,train
51.45000000000002,53.90000000000002,OS_9_27_2017_08_57_00__0000,2.450000000000003,1,orcasound_lab,08:57:00,2017-09-27,podcast_round3,train
56.350000000000016,58.80000000000002,OS_9_27_2017_08_57_00__0000,2.450000000000003,1,orcasound_lab,08:57:00,2017-09-27,podcast_round3,train
58.80000000000002,61.24999999999999,OS_9_27_2017_08_57_00__0000,2.4499999999999744,1,orcasound_lab,08:57:00,2017-09-27,podcast_round3,train
24.27156177156177,26.698717948717945,OS_9_27_2017_08_57_00__0000,2.4271561771561783,1,orcasound_lab,08:57:00,2017-09-27,podcast_round3,train
2.2806841741534205,3.7147892190739458,OS_9_27_2017_08_57_00__0001,1.4341050449205253,1,orcasound_lab,08:57:00,2017-09-27,podcast_round3,train
3.8841050449205263,5.783828610919143,OS_9_27_2017_08_57_00__0001,1.8997235659986185,1,orcasound_lab,08:57:00,2017-09-27,podcast_round3,train
10.604250172771252,12.292328956461644,OS_9_27_2017_08_57_00__0001,1.6880787836903934,1,orcasound_lab,08:57:00,2017-09-27,podcast_round3,train
17.15,19.26136834830684,OS_9_27_2017_08_57_00__0001,2.1113683483068435,1,orcasound_lab,08:57:00,2017-09-27,podcast_round3,train
25.346579129232893,27.246302695231513,OS_9_27_2017_08_57_00__0001,1.8997235659986167,1,orcasound_lab,08:57:00,2017-09-27,podcast_round3,train
29.992605390463037,32.14630269523153,OS_9_27_2017_08_57_00__0001,2.1536973047684853,1,orcasound_lab,08:57:00,2017-09-27,podcast_round3,train
34.638631651693146,36.87698686938492,OS_9_27_2017_08_57_00__0001,2.238355217691776,1,orcasound_lab,08:57:00,2017-09-27,podcast_round3,train
39.53863165169317,41.988631651693176,OS_9_27_2017_08_57_00__0001,2.450000000000003,1,orcasound_lab,08:57:00,2017-09-27,podcast_round3,train
43.12643400138218,44.39122322045613,OS_9_27_2017_08_57_00__0001,1.2647892190739471,1,orcasound_lab,08:57:00,2017-09-27,podcast_round3,train
46.253697304768494,48.7036973047685,OS_9_27_2017_08_57_00__0001,2.450000000000003,1,orcasound_lab,08:57:00,2017-09-27,podcast_round3,train
51.32301313061508,53.05342087076715,OS_9_27_2017_08_57_00__0001,1.7304077401520457,1,orcasound_lab,08:57:00,2017-09-27,podcast_round3,train
56.9849343469247,58.80000000000002,OS_9_27_2017_08_57_00__0001,1.8150656530753293,1,orcasound_lab,08:57:00,2017-09-27,podcast_round3,train
8.000172771250861,9.735659986178296,OS_9_27_2017_08_57_00__0001,1.7354872149274367,1,orcasound_lab,08:57:00,2017-09-27,podcast_round3,train
14.010884588804426,15.365411195577064,OS_9_27_2017_08_57_00__0001,1.3545266067726338,1,orcasound_lab,08:57:00,2017-09-27,podcast_round3,train
12.063752591568766,13.841568762957847,OS_9_27_2017_08_57_00__0001,1.7778161713890803,1,orcasound_lab,08:57:00,2017-09-27,podcast_round3,train
21.41845196959226,22.77297857636489,OS_9_27_2017_08_57_00__0001,1.3545266067726305,1,orcasound_lab,08:57:00,2017-09-27,podcast_round3,train
27.64080856945404,29.164651002073256,OS_9_27_2017_08_57_00__0001,1.5238424326192153,1,orcasound_lab,08:57:00,2017-09-27,podcast_round3,train
44.44540428472702,45.88458880442296,OS_9_27_2017_08_57_00__0001,1.439184519695928,1,orcasound_lab,08:57:00,2017-09-27,podcast_round3,train
52.953524533517616,54.47736696613683,OS_9_27_2017_08_57_00__0001,1.5238424326192117,1,orcasound_lab,08:57:00,2017-09-27,podcast_round3,train
54.43503800967519,55.83189357290947,OS_9_27_2017_08_57_00__0001,1.3968555632342827,1,orcasound_lab,08:57:00,2017-09-27,podcast_round3,train
59.46354166666666,61.12257281553397,OS_9_27_2017_08_57_00__0001,1.6590311488673135,1,orcasound_lab,08:57:00,2017-09-27,podcast_round3,train
0.0,2.45,OS_9_27_2017_08_57_00__0002,2.45,1,orcasound_lab,08:57:00,2017-09-27,podcast_round3,train
5.821417260490893,7.349999999999999,OS_9_27_2017_08_57_00__0002,1.5285827395091056,1,orcasound_lab,08:57:00,2017-09-27,podcast_round3,train
7.980443388756927,9.8,OS_9_27_2017_08_57_00__0002,1.8195566112430728,1,orcasound_lab,08:57:00,2017-09-27,podcast_round3,train
10.042478226444976,12.250000000000002,OS_9_27_2017_08_57_00__0002,2.2075217735550257,1,orcasound_lab,08:57:00,2017-09-27,podcast_round3,train
12.58946951702296,14.7,OS_9_27_2017_08_57_00__0002,2.1105304829770386,1,orcasound_lab,08:57:00,2017-09-27,podcast_round3,train
14.7,17.15,OS_9_27_2017_08_57_00__0002,2.45,1,orcasound_lab,08:57:00,2017-09-27,podcast_round3,train
17.15,19.6,OS_9_27_2017_08_57_00__0002,2.45,1,orcasound_lab,08:57:00,2017-09-27,podcast_round3,train
19.6,22.05,OS_9_27_2017_08_57_00__0002,2.45,1,orcasound_lab,08:57:00,2017-09-27,podcast_round3,train
22.098495645288992,23.72406967537609,OS_9_27_2017_08_57_00__0002,1.625574030087094,1,orcasound_lab,08:57:00,2017-09-27,podcast_round3,train
27.33796516231195,29.78796516231195,OS_9_27_2017_08_57_00__0002,2.45,1,orcasound_lab,08:57:00,2017-09-27,podcast_round3,train
33.91203483768803,36.02256532066508,OS_9_27_2017_08_57_00__0002,2.1105304829770475,1,orcasound_lab,08:57:00,2017-09-27,podcast_round3,train
37.13796516231196,39.2,OS_9_27_2017_08_57_00__0002,2.0620348376880457,1,orcasound_lab,08:57:00,2017-09-27,podcast_round3,train
39.49097387173397,41.65000000000001,OS_9_27_2017_08_57_00__0002,2.159026128266035,1,orcasound_lab,08:57:00,2017-09-27,podcast_round3,train
47.228939034045936,49.00000000000002,OS_9_27_2017_08_57_00__0002,1.7710609659540781,1,orcasound_lab,08:57:00,2017-09-27,podcast_round3,train
51.45000000000002,53.2210609659541,OS_9_27_2017_08_57_00__0002,1.7710609659540781,1,orcasound_lab,08:57:00,2017-09-27,podcast_round3,train
54.72442596991293,56.350000000000016,OS_9_27_2017_08_57_00__0002,1.625574030087094,1,orcasound_lab,08:57:00,2017-09-27,podcast_round3,train
3.58867775138559,5.1890340459224085,OS_9_27_2017_08_57_00__0002,1.6003562945368168,1,orcasound_lab,08:57:00,2017-09-27,podcast_round3,train
30.69774346793349,32.443586698337285,OS_9_27_2017_08_57_00__0002,1.7458432304038,1,orcasound_lab,08:57:00,2017-09-27,podcast_round3,train
0.0,2.45,OS_9_27_2017_08_57_00__0003,2.45,1,orcasound_lab,08:57:00,2017-09-27,podcast_round3,train
5.915894955079475,8.365894955079478,OS_9_27_2017_08_57_00__0003,2.450000000000001,1,orcasound_lab,08:57:00,2017-09-27,podcast_round3,train
9.8,12.25,OS_9_27_2017_08_57_00__0003,2.45,1,orcasound_lab,08:57:00,2017-09-27,podcast_round3,train
17.488631651693158,19.93863165169316,OS_9_27_2017_08_57_00__0003,2.45,1,orcasound_lab,08:57:00,2017-09-27,podcast_round3,train
20.912197650310983,22.727263303386305,OS_9_27_2017_08_57_00__0003,1.8150656530753253,1,orcasound_lab,08:57:00,2017-09-27,podcast_round3,train
30.288908085694537,31.34205252246026,OS_9_27_2017_08_57_00__0003,1.0531444367657237,1,orcasound_lab,08:57:00,2017-09-27,podcast_round3,train
36.876986869384936,38.77671043538356,OS_9_27_2017_08_57_00__0003,1.89972356599862,1,orcasound_lab,08:57:00,2017-09-27,podcast_round3,train
43.84602626123014,45.788078783690395,OS_9_27_2017_08_57_00__0003,1.9420525224602656,1,orcasound_lab,08:57:00,2017-09-27,podcast_round3,train
46.38068417415343,48.153420870767114,OS_9_27_2017_08_57_00__0003,1.7727366966136842,1,orcasound_lab,08:57:00,2017-09-27,podcast_round3,train
52.63013130615066,53.9795784381479,OS_9_27_2017_08_57_00__0003,1.3494471319972448,1,orcasound_lab,08:57:00,2017-09-27,podcast_round3,train
59.94288182446443,61.25,OS_9_27_2017_08_57_00__0003,1.307118175535571,1,orcasound_lab,08:57:00,2017-09-27,podcast_round3,train
23.153939184519697,24.974084312370426,OS_9_27_2017_08_57_00__0003,1.8201451278507257,1,orcasound_lab,08:57:00,2017-09-27,podcast_round3,train
25.820663441603322,27.13286109191431,OS_9_27_2017_08_57_00__0003,1.3121976503109885,1,orcasound_lab,08:57:00,2017-09-27,podcast_round3,train
27.42916378714582,28.69903248099516,OS_9_27_2017_08_57_00__0003,1.2698686938493395,1,orcasound_lab,08:57:00,2017-09-27,podcast_round3,train
33.228230822391154,34.8790601243953,OS_9_27_2017_08_57_00__0003,1.6508293020041478,1,orcasound_lab,08:57:00,2017-09-27,podcast_round3,train
39.577574291637866,40.67812715964063,OS_9_27_2017_08_57_00__0003,1.1005528680027652,1,orcasound_lab,08:57:00,2017-09-27,podcast_round3,train
41.65169315825847,42.83690393918452,OS_9_27_2017_08_57_00__0003,1.185210780926056,1,orcasound_lab,08:57:00,2017-09-27,podcast_round3,train
53.715445749827225,55.28161713890808,OS_9_27_2017_08_57_00__0003,1.566171389080857,1,orcasound_lab,08:57:00,2017-09-27,podcast_round3,train
0.0,2.45,OS_9_27_2017_09_02_00__0000,2.45,1,orcasound_lab,09:02:00,2017-09-27,podcast_round3,train
2.45,4.9,OS_9_27_2017_09_02_00__0000,2.45,1,orcasound_lab,09:02:00,2017-09-27,podcast_round3,train
4.9,7.35,OS_9_27_2017_09_02_00__0000,2.45,1,orcasound_lab,09:02:00,2017-09-27,podcast_round3,train
7.35,9.8,OS_9_27_2017_09_02_00__0000,2.45,1,orcasound_lab,09:02:00,2017-09-27,podcast_round3,train
13.534965034965033,15.984965034965036,OS_9_27_2017_09_02_00__0000,2.45,1,orcasound_lab,09:02:00,2017-09-27,podcast_round3,train
16.436130536130534,19.314452214452213,OS_9_27_2017_09_02_00__0000,2.8783216783216763,1,orcasound_lab,09:02:00,2017-09-27,podcast_round3,train
19.6,22.05,OS_9_27_2017_09_02_00__0000,2.45,1,orcasound_lab,09:02:00,2017-09-27,podcast_round3,train
22.05,24.5,OS_9_27_2017_09_02_00__0000,2.45,1,orcasound_lab,09:02:00,2017-09-27,podcast_round3,train
24.5,26.95,OS_9_27_2017_09_02_00__0000,2.45,1,orcasound_lab,09:02:00,2017-09-27,podcast_round3,train
27.04518259518259,29.209634809634803,OS_9_27_2017_09_02_00__0000,2.164452214452212,1,orcasound_lab,09:02:00,2017-09-27,podcast_round3,train
29.399999999999995,31.849999999999994,OS_9_27_2017_09_02_00__0000,2.45,1,orcasound_lab,09:02:00,2017-09-27,podcast_round3,train
31.85,34.300000000000004,OS_9_27_2017_09_02_00__0000,2.45,1,orcasound_lab,09:02:00,2017-09-27,podcast_round3,train
34.3,36.75,OS_9_27_2017_09_02_00__0000,2.450000000000003,1,orcasound_lab,09:02:00,2017-09-27,podcast_round3,train
36.75,39.2,OS_9_27_2017_09_02_00__0000,2.450000000000003,1,orcasound_lab,09:02:00,2017-09-27,podcast_round3,train
39.2,41.65000000000001,OS_9_27_2017_09_02_00__0000,2.450000000000003,1,orcasound_lab,09:02:00,2017-09-27,podcast_round3,train
41.65000000000001,44.100000000000016,OS_9_27_2017_09_02_00__0000,2.450000000000003,1,orcasound_lab,09:02:00,2017-09-27,podcast_round3,train
44.10000000000001,46.55000000000001,OS_9_27_2017_09_02_00__0000,2.450000000000003,1,orcasound_lab,09:02:00,2017-09-27,podcast_round3,train
46.55000000000001,49.00000000000002,OS_9_27_2017_09_02_00__0000,2.450000000000003,1,orcasound_lab,09:02:00,2017-09-27,podcast_round3,train
49.00000000000002,51.45000000000002,OS_9_27_2017_09_02_00__0000,2.450000000000003,1,orcasound_lab,09:02:00,2017-09-27,podcast_round3,train
51.45000000000002,53.90000000000002,OS_9_27_2017_09_02_00__0000,2.450000000000003,1,orcasound_lab,09:02:00,2017-09-27,podcast_round3,train
53.90000000000002,56.350000000000016,OS_9_27_2017_09_02_00__0000,2.450000000000003,1,orcasound_lab,09:02:00,2017-09-27,podcast_round3,train
56.350000000000016,58.80000000000002,OS_9_27_2017_09_02_00__0000,2.450000000000003,1,orcasound_lab,09:02:00,2017-09-27,podcast_round3,train
58.80000000000002,61.24999999999999,OS_9_27_2017_09_02_00__0000,2.4499999999999744,1,orcasound_lab,09:02:00,2017-09-27,podcast_round3,train
11.564685314685311,13.18278943278943,OS_9_27_2017_09_02_00__0000,1.6181041181041191,1,orcasound_lab,09:02:00,2017-09-27,podcast_round3,train
0.893229166666667,2.662673611111112,OS_9_27_2017_09_02_00__0001,1.7694444444444453,1,orcasound_lab,09:02:00,2017-09-27,podcast_round3,train
5.350868055555557,6.8225694444444445,OS_9_27_2017_09_02_00__0001,1.4717013888888877,1,orcasound_lab,09:02:00,2017-09-27,podcast_round3,train
11.824652777777779,13.423958333333333,OS_9_27_2017_09_02_00__0001,1.5993055555555546,1,orcasound_lab,09:02:00,2017-09-27,podcast_round3,train
17.15,18.579166666666666,OS_9_27_2017_09_02_00__0001,1.4291666666666671,1,orcasound_lab,09:02:00,2017-09-27,podcast_round3,train
22.05,23.56423611111111,OS_9_27_2017_09_02_00__0001,1.5142361111111102,1,orcasound_lab,09:02:00,2017-09-27,podcast_round3,train
3.0625,4.721354166666667,OS_9_27_2017_09_02_00__0001,1.658854166666667,1,orcasound_lab,09:02:00,2017-09-27,podcast_round3,train
7.486111111111112,8.76215277777778,OS_9_27_2017_09_02_00__0001,1.276041666666668,1,orcasound_lab,09:02:00,2017-09-27,podcast_round3,train
9.315104166666666,10.846354166666668,OS_9_27_2017_09_02_00__0001,1.5312500000000018,1,orcasound_lab,09:02:00,2017-09-27,podcast_round3,train
14.631944444444445,16.12065972222222,OS_9_27_2017_09_02_00__0001,1.4887152777777786,1,orcasound_lab,09:02:00,2017-09-27,podcast_round3,train
19.778645833333336,20.969618055555557,OS_9_27_2017_09_02_00__0001,1.1909722222222214,1,orcasound_lab,09:02:00,2017-09-27,podcast_round3,train
24.032118055555554,25.39322916666667,OS_9_27_2017_09_02_00__0001,1.3611111111111145,1,orcasound_lab,09:02:00,2017-09-27,podcast_round3,train
26.158854166666664,27.64756944444445,OS_9_27_2017_09_02_00__0001,1.488715277777782,1,orcasound_lab,09:02:00,2017-09-27,podcast_round3,train
28.15798611111111,29.56163194444445,OS_9_27_2017_09_02_00__0001,1.4036458333333357,1,orcasound_lab,09:02:00,2017-09-27,podcast_round3,train
30.45486111111111,31.773437500000004,OS_9_27_2017_09_02_00__0001,1.3185763888888928,1,orcasound_lab,09:02:00,2017-09-27,podcast_round3,train
32.58159722222222,33.942708333333336,OS_9_27_2017_09_02_00__0001,1.3611111111111145,1,orcasound_lab,09:02:00,2017-09-27,podcast_round3,train
34.41059027777778,36.02690972222222,OS_9_27_2017_09_02_00__0001,1.6163194444444429,1,orcasound_lab,09:02:00,2017-09-27,podcast_round3,train
36.622395833333336,38.068576388888886,OS_9_27_2017_09_02_00__0001,1.4461805555555505,1,orcasound_lab,09:02:00,2017-09-27,podcast_round3,train
38.451388888888886,39.8125,OS_9_27_2017_09_02_00__0001,1.3611111111111145,1,orcasound_lab,09:02:00,2017-09-27,podcast_round3,train
40.23784722222222,41.811631944444436,OS_9_27_2017_09_02_00__0001,1.5737847222222214,1,orcasound_lab,09:02:00,2017-09-27,podcast_round3,train
42.194444444444436,43.76822916666666,OS_9_27_2017_09_02_00__0001,1.5737847222222214,1,orcasound_lab,09:02:00,2017-09-27,podcast_round3,train
44.703993055555536,46.5329861111111,OS_9_27_2017_09_02_00__0001,1.8289930555555567,1,orcasound_lab,09:02:00,2017-09-27,podcast_round3,train
46.87326388888889,48.23437500000001,OS_9_27_2017_09_02_00__0001,1.3611111111111145,1,orcasound_lab,09:02:00,2017-09-27,podcast_round3,train
48.65972222222222,49.89322916666666,OS_9_27_2017_09_02_00__0001,1.2335069444444429,1,orcasound_lab,09:02:00,2017-09-27,podcast_round3,train
50.27604166666666,51.594618055555536,OS_9_27_2017_09_02_00__0001,1.3185763888888928,1,orcasound_lab,09:02:00,2017-09-27,podcast_round3,train
52.0625,53.50868055555557,OS_9_27_2017_09_02_00__0001,1.4461805555555571,1,orcasound_lab,09:02:00,2017-09-27,podcast_round3,train
59.76352339181286,61.25,OS_9_27_2017_09_02_00__0001,1.4864766081871394,1,orcasound_lab,09:02:00,2017-09-27,podcast_round3,train
30.22442596991291,31.85,OS_9_27_2017_09_02_00__0003,1.6255740300870904,1,orcasound_lab,09:02:00,2017-09-27,podcast_round3,train
16.6340063341251,18.864806017418843,OS_9_27_2017_09_02_00__0003,2.2307996832937427,1,orcasound_lab,09:02:00,2017-09-27,podcast_round3,train
26.381631037212983,27.836500395882826,OS_9_27_2017_09_02_00__0003,1.4548693586698356,1,orcasound_lab,09:02:00,2017-09-27,podcast_round3,train
3.05522565320665,4.655581947743468,OS_9_27_2017_09_02_00__0003,1.6003562945368175,1,orcasound_lab,09:02:00,2017-09-27,podcast_round3,train
35.30482977038797,37.00217735550277,OS_9_27_2017_09_02_00__0003,1.6973475851147979,1,orcasound_lab,09:02:00,2017-09-27,podcast_round3,train
39.232977038796506,41.41528107680126,OS_9_27_2017_09_02_00__0003,2.182304038004752,1,orcasound_lab,09:02:00,2017-09-27,podcast_round3,train
43.06413301662708,44.27652414885194,OS_9_27_2017_09_02_00__0003,1.2123911322248588,1,orcasound_lab,09:02:00,2017-09-27,podcast_round3,train
49.95051464766429,51.5023752969121,OS_9_27_2017_09_02_00__0003,1.5518606492478213,1,orcasound_lab,09:02:00,2017-09-27,podcast_round3,train
4.415043547110057,6.040617577197152,OS_9_27_2017_09_23_00__0002,1.625574030087094,1,orcasound_lab,09:23:00,2017-09-27,podcast_round3,train
9.8,11.57106096595408,OS_9_27_2017_09_23_00__0002,1.7710609659540781,1,orcasound_lab,09:23:00,2017-09-27,podcast_round3,train
14.35471100554236,15.955067300079177,OS_9_27_2017_09_23_00__0002,1.6003562945368175,1,orcasound_lab,09:23:00,2017-09-27,podcast_round3,train
17.264449722882027,19.058788598574818,OS_9_27_2017_09_23_00__0002,1.7943388756927945,1,orcasound_lab,09:23:00,2017-09-27,podcast_round3,train
13.6875,16.25,OS_9_27_2017_09_23_00__0003,2.5625,1,orcasound_lab,09:23:00,2017-09-27,podcast_round3,train
35.2091796875,37.6591796875,OS_9_27_2017_09_34_00__0000,2.450000000000003,1,orcasound_lab,09:34:00,2017-09-27,podcast_round3,train
49.00000000000002,52.35917968750002,OS_9_27_2017_09_34_00__0000,3.359179687500003,1,orcasound_lab,09:34:00,2017-09-27,podcast_round3,train
38.376953125,40.099609375,OS_9_27_2017_09_34_00__0000,1.72265625,1,orcasound_lab,09:34:00,2017-09-27,podcast_round3,train
40.8173828125,43.2099609375,OS_9_27_2017_09_34_00__0000,2.392578125,1,orcasound_lab,09:34:00,2017-09-27,podcast_round3,train
45.1240234375,47.1337890625,OS_9_27_2017_09_34_00__0000,2.009765625,1,orcasound_lab,09:34:00,2017-09-27,podcast_round3,train
44.10000000000001,46.55000000000001,OS_9_27_2017_09_34_00__0001,2.450000000000003,1,orcasound_lab,09:34:00,2017-09-27,podcast_round3,train
53.90000000000002,56.350000000000016,OS_9_27_2017_09_34_00__0001,2.450000000000003,1,orcasound_lab,09:34:00,2017-09-27,podcast_round3,train
38.60253365003959,40.54235946159936,OS_9_27_2017_09_34_00__0001,1.9398258115597715,1,orcasound_lab,09:34:00,2017-09-27,podcast_round3,train
4.5238188976377955,6.9738188976377975,OS_9_27_2017_09_34_00__0003,2.45,1,orcasound_lab,09:34:00,2017-09-27,podcast_round3,train
19.6,22.05,OS_9_27_2017_09_34_00__0003,2.45,1,orcasound_lab,09:34:00,2017-09-27,podcast_round3,train
51.45000000000002,53.90000000000002,OS_9_27_2017_09_34_00__0003,2.450000000000003,1,orcasound_lab,09:34:00,2017-09-27,podcast_round3,train
53.90000000000002,56.350000000000016,OS_9_27_2017_09_34_00__0003,2.450000000000003,1,orcasound_lab,09:34:00,2017-09-27,podcast_round3,train
56.350000000000016,58.80000000000002,OS_9_27_2017_09_34_00__0003,2.450000000000003,1,orcasound_lab,09:34:00,2017-09-27,podcast_round3,train
58.80000000000002,61.24999999999999,OS_9_27_2017_09_34_00__0003,2.4499999999999744,1,orcasound_lab,09:34:00,2017-09-27,podcast_round3,train
32.988188976377955,34.772637795275585,OS_9_27_2017_09_34_00__0003,1.7844488188976368,1,orcasound_lab,09:34:00,2017-09-27,podcast_round3,train
10.693229166666667,12.505208333333332,OS_9_27_2017_09_34_00__0004,1.8119791666666647,1,orcasound_lab,09:34:00,2017-09-27,podcast_round3,train
15.210416666666667,17.064930555555556,OS_9_27_2017_09_34_00__0004,1.8545138888888888,1,orcasound_lab,09:34:00,2017-09-27,podcast_round3,train
24.074652777777768,25.92916666666665,OS_9_27_2017_09_34_00__0004,1.854513888888885,1,orcasound_lab,09:34:00,2017-09-27,podcast_round3,train
27.88576388888889,29.27239583333333,OS_9_27_2017_09_34_00__0004,1.3866319444444457,1,orcasound_lab,09:34:00,2017-09-27,podcast_round3,train
29.399999999999995,30.999305555555548,OS_9_27_2017_09_34_00__0004,1.5993055555555489,1,orcasound_lab,09:34:00,2017-09-27,podcast_round3,train
43.419444444444466,45.86944444444447,OS_9_27_2017_09_34_00__0004,2.450000000000003,1,orcasound_lab,09:34:00,2017-09-27,podcast_round3,train
0.0,1.1484375,OS_9_27_2017_09_34_00__0004,1.1484375,1,orcasound_lab,09:34:00,2017-09-27,podcast_round3,train
35.72916666666667,37.685763888888886,OS_9_27_2017_09_34_00__0004,1.9565972222222208,1,orcasound_lab,09:34:00,2017-09-27,podcast_round3,train
38.536458333333336,39.85503472222222,OS_9_27_2017_09_34_00__0004,1.3185763888888855,1,orcasound_lab,09:34:00,2017-09-27,podcast_round3,train
40.280381944444436,41.046006944444436,OS_9_27_2017_09_34_00__0004,0.765625,1,orcasound_lab,09:34:00,2017-09-27,podcast_round3,train
46.3203125,48.57465277777778,OS_9_27_2017_09_34_00__0004,2.2543402777777786,1,orcasound_lab,09:34:00,2017-09-27,podcast_round3,train
34.3,37.321666666666665,OS_9_27_2017_09_45_00__0000,3.0216666666666683,1,orcasound_lab,09:45:00,2017-09-27,podcast_round3,train
43.52833333333334,45.978333333333346,OS_9_27_2017_09_45_00__0000,2.450000000000003,1,orcasound_lab,09:45:00,2017-09-27,podcast_round3,train
2.7358333333333333,5.430833333333334,OS_9_27_2017_09_45_00__0000,2.6950000000000007,1,orcasound_lab,09:45:00,2017-09-27,podcast_round3,train
5.594166666666667,7.7175,OS_9_27_2017_09_45_00__0000,2.123333333333333,1,orcasound_lab,09:45:00,2017-09-27,podcast_round3,train
8.085,13.270833333333336,OS_9_27_2017_09_45_00__0000,5.185833333333333,1,orcasound_lab,09:45:00,2017-09-27,podcast_round3,train
13.025833333333333,14.863333333333333,OS_9_27_2017_09_45_00__0000,1.8375000000000004,1,orcasound_lab,09:45:00,2017-09-27,podcast_round3,train
15.5575,17.354166666666664,OS_9_27_2017_09_45_00__0000,1.7966666666666669,1,orcasound_lab,09:45:00,2017-09-27,podcast_round3,train
22.785,25.76583333333333,OS_9_27_2017_09_45_00__0000,2.980833333333333,1,orcasound_lab,09:45:00,2017-09-27,podcast_round3,train
26.051666666666666,30.42083333333333,OS_9_27_2017_09_45_00__0000,4.369166666666665,1,orcasound_lab,09:45:00,2017-09-27,podcast_round3,train
37.6075,40.22083333333333,OS_9_27_2017_09_45_00__0000,2.6133333333333297,1,orcasound_lab,09:45:00,2017-09-27,podcast_round3,train
46.83583333333333,49.1225,OS_9_27_2017_09_45_00__0000,2.286666666666669,1,orcasound_lab,09:45:00,2017-09-27,podcast_round3,train
49.89833333333333,52.10333333333333,OS_9_27_2017_09_45_00__0000,2.2049999999999983,1,orcasound_lab,09:45:00,2017-09-27,podcast_round3,train
54.145,56.63583333333333,OS_9_27_2017_09_45_00__0000,2.4908333333333275,1,orcasound_lab,09:45:00,2017-09-27,podcast_round3,train
57.12583333333333,59.24916666666667,OS_9_27_2017_09_45_00__0000,2.123333333333335,1,orcasound_lab,09:45:00,2017-09-27,podcast_round3,train
0.0,1.6843750000000002,OS_9_27_2017_09_45_00__0001,1.6843750000000002,1,orcasound_lab,09:45:00,2017-09-27,podcast_round3,train
33.449305555555554,35.899305555555564,OS_9_27_2017_09_45_00__0001,2.450000000000003,1,orcasound_lab,09:45:00,2017-09-27,podcast_round3,train
53.90000000000002,56.350000000000016,OS_9_27_2017_09_45_00__0001,2.450000000000003,1,orcasound_lab,09:45:00,2017-09-27,podcast_round3,train
2.1267361111111107,3.487847222222221,OS_9_27_2017_09_45_00__0001,1.3611111111111112,1,orcasound_lab,09:45:00,2017-09-27,podcast_round3,train
4.934027777777779,6.677951388888888,OS_9_27_2017_09_45_00__0001,1.7439236111111107,1,orcasound_lab,09:45:00,2017-09-27,podcast_round3,train
29.348958333333336,30.75260416666667,OS_9_27_2017_09_45_00__0001,1.403645833333332,1,orcasound_lab,09:45:00,2017-09-27,podcast_round3,train
30.625,32.751736111111114,OS_9_27_2017_09_45_00__0001,2.1267361111111067,1,orcasound_lab,09:45:00,2017-09-27,podcast_round3,train
27.987847222222207,29.68923611111111,OS_9_27_2017_09_45_00__0001,1.7013888888888893,1,orcasound_lab,09:45:00,2017-09-27,podcast_round3,train
59.29340277777778,61.12257281553398,OS_9_27_2017_09_45_00__0001,1.8291700377562,1,orcasound_lab,09:45:00,2017-09-27,podcast_round3,train
0.0,2.45,OS_9_27_2017_09_45_00__0002,2.45,1,orcasound_lab,09:45:00,2017-09-27,podcast_round3,train
16.89009900990099,19.34009900990099,OS_9_27_2017_09_45_00__0002,2.45,1,orcasound_lab,09:45:00,2017-09-27,podcast_round3,train
51.10346534653467,53.55346534653467,OS_9_27_2017_09_45_00__0002,2.450000000000003,1,orcasound_lab,09:45:00,2017-09-27,podcast_round3,train
6.844059405940594,8.836633663366339,OS_9_27_2017_09_45_00__0002,1.9925742574257432,1,orcasound_lab,09:45:00,2017-09-27,podcast_round3,train
13.601485148514852,15.853960396039605,OS_9_27_2017_09_45_00__0002,2.252475247524752,1,orcasound_lab,09:45:00,2017-09-27,podcast_round3,train
35.43316831683168,37.85891089108911,OS_9_27_2017_09_45_00__0002,2.425742574257427,1,orcasound_lab,09:45:00,2017-09-27,podcast_round3,train
42.71039603960397,45.396039603960396,OS_9_27_2017_09_45_00__0002,2.6856435643564325,1,orcasound_lab,09:45:00,2017-09-27,podcast_round3,train
45.82920792079207,47.73514851485147,OS_9_27_2017_09_45_00__0002,1.9059405940594087,1,orcasound_lab,09:45:00,2017-09-27,podcast_round3,train
59.60798703109748,61.25,OS_9_27_2017_09_45_00__0002,1.6420129689025202,1,orcasound_lab,09:45:00,2017-09-27,podcast_round3,train
14.444791666666665,16.89479166666667,OS_9_27_2017_09_50_00__0003,2.450000000000003,1,orcasound_lab,09:50:00,2017-09-27,podcast_round3,train
1.2335069444444444,2.7222222222222223,OS_9_27_2017_09_50_00__0003,1.4887152777777781,1,orcasound_lab,09:50:00,2017-09-27,podcast_round3,train
9.357638888888893,11.39930555555556,OS_9_27_2017_09_50_00__0003,2.041666666666666,1,orcasound_lab,09:50:00,2017-09-27,podcast_round3,train
28.370659722222232,29.98697916666667,OS_9_27_2017_09_50_00__0003,1.616319444444439,1,orcasound_lab,09:50:00,2017-09-27,podcast_round3,train
34.282986111111114,36.069444444444436,OS_9_27_2017_09_50_00__0003,1.7864583333333286,1,orcasound_lab,09:50:00,2017-09-27,podcast_round3,train
40.578125,43.21527777777778,OS_9_27_2017_09_50_00__0003,2.6371527777777786,1,orcasound_lab,09:50:00,2017-09-27,podcast_round3,train
44.44878472222222,46.10763888888889,OS_9_27_2017_09_50_00__0003,1.6588541666666643,1,orcasound_lab,09:50:00,2017-09-27,podcast_round3,train
54.954861111111114,57.08159722222222,OS_9_27_2017_09_50_00__0003,2.1267361111111067,1,orcasound_lab,09:50:00,2017-09-27,podcast_round3,train
31.85,34.300000000000004,OS_9_27_2017_09_56_00__0004,2.45,1,orcasound_lab,09:56:00,2017-09-27,podcast_round3,train
36.75,38.71504354711005,OS_9_27_2017_09_56_00__0004,1.9650435471100487,1,orcasound_lab,09:56:00,2017-09-27,podcast_round3,train
51.45000000000002,53.90000000000002,OS_9_27_2017_09_56_00__0004,2.450000000000003,1,orcasound_lab,09:56:00,2017-09-27,podcast_round3,train
6.546912114014251,8.680720506730008,OS_9_27_2017_09_56_00__0004,2.133808392715757,1,orcasound_lab,09:56:00,2017-09-27,podcast_round3,train
11.493467933491685,12.899841646872526,OS_9_27_2017_09_56_00__0004,1.4063737133808392,1,orcasound_lab,09:56:00,2017-09-27,podcast_round3,train
14.791171813143313,16.29453681710214,OS_9_27_2017_09_56_00__0004,1.5033650039588284,1,orcasound_lab,09:56:00,2017-09-27,podcast_round3,train
18.622327790973877,21.192596991290586,OS_9_27_2017_09_56_00__0004,2.570269200316705,1,orcasound_lab,09:56:00,2017-09-27,podcast_round3,train
21.77454473475851,23.811361836896282,OS_9_27_2017_09_56_00__0004,2.036817102137768,1,orcasound_lab,09:56:00,2017-09-27,podcast_round3,train
40.78483768804434,42.23970704671417,OS_9_27_2017_09_56_00__0004,1.4548693586698318,1,orcasound_lab,09:56:00,2017-09-27,podcast_round3,train
47.52573238321457,49.126088677751376,OS_9_27_2017_09_56_00__0004,1.600356294536816,1,orcasound_lab,09:56:00,2017-09-27,podcast_round3,train
50.047505938242274,51.793349168646095,OS_9_27_2017_09_56_00__0004,1.745843230403814,1,orcasound_lab,09:56:00,2017-09-27,podcast_round3,train
56.93388756927949,59.06769596199525,OS_9_27_2017_09_56_00__0004,2.133808392715757,1,orcasound_lab,09:56:00,2017-09-27,podcast_round3,train
12.8720703125,15.3125,OS_9_27_2017_10_01_00__0000,2.4404296875,1,orcasound_lab,10:01:00,2017-09-27,podcast_round3,train
16.6044921875,20.4326171875,OS_9_27_2017_10_01_00__0000,3.828125,1,orcasound_lab,10:01:00,2017-09-27,podcast_round3,train
21.0068359375,25.07421875,OS_9_27_2017_10_01_00__0000,4.0673828125,1,orcasound_lab,10:01:00,2017-09-27,podcast_round3,train
33.4482421875,35.41015625,OS_9_27_2017_10_01_00__0000,1.9619140625,1,orcasound_lab,10:01:00,2017-09-27,podcast_round3,train
35.4580078125,39.525390625,OS_9_27_2017_10_01_00__0000,4.0673828125,1,orcasound_lab,10:01:00,2017-09-27,podcast_round3,train
39.5732421875,41.822265625,OS_9_27_2017_10_01_00__0000,2.2490234375,1,orcasound_lab,10:01:00,2017-09-27,podcast_round3,train
41.7744140625,43.6884765625,OS_9_27_2017_10_01_00__0000,1.9140625,1,orcasound_lab,10:01:00,2017-09-27,podcast_round3,train
44.119140625,47.3251953125,OS_9_27_2017_10_01_00__0000,3.2060546875,1,orcasound_lab,10:01:00,2017-09-27,podcast_round3,train
47.6123046875,50.4833984375,OS_9_27_2017_10_01_00__0000,2.87109375,1,orcasound_lab,10:01:00,2017-09-27,podcast_round3,train
51.1533203125,55.603515625,OS_9_27_2017_10_01_00__0000,4.4501953125,1,orcasound_lab,10:01:00,2017-09-27,podcast_round3,train
56.7998046875,58.5703125,OS_9_27_2017_10_01_00__0000,1.7705078125,1,orcasound_lab,10:01:00,2017-09-27,podcast_round3,train
9.102430555555557,10.718750000000002,OS_9_27_2017_10_01_00__0001,1.6163194444444446,1,orcasound_lab,10:01:00,2017-09-27,podcast_round3,train
14.844618055555555,16.078125,OS_9_27_2017_10_01_00__0001,1.2335069444444446,1,orcasound_lab,10:01:00,2017-09-27,podcast_round3,train
16.078125,17.566840277777775,OS_9_27_2017_10_01_00__0001,1.488715277777775,1,orcasound_lab,10:01:00,2017-09-27,podcast_round3,train
36.70746527777778,38.366319444444436,OS_9_27_2017_10_01_00__0001,1.6588541666666643,1,orcasound_lab,10:01:00,2017-09-27,podcast_round3,train
38.79166666666666,39.55729166666666,OS_9_27_2017_10_01_00__0001,0.7656250000000071,1,orcasound_lab,10:01:00,2017-09-27,podcast_round3,train
39.684895833333336,40.70572916666666,OS_9_27_2017_10_01_00__0001,1.0208333333333286,1,orcasound_lab,10:01:00,2017-09-27,podcast_round3,train
41.216145833333336,41.981770833333336,OS_9_27_2017_10_01_00__0001,0.765625,1,orcasound_lab,10:01:00,2017-09-27,podcast_round3,train
42.40711805555557,43.4279513888889,OS_9_27_2017_10_01_00__0001,1.0208333333333357,1,orcasound_lab,10:01:00,2017-09-27,podcast_round3,train
44.40625,45.04427083333334,OS_9_27_2017_10_01_00__0001,0.6380208333333357,1,orcasound_lab,10:01:00,2017-09-27,podcast_round3,train
45.08680555555557,46.44791666666668,OS_9_27_2017_10_01_00__0001,1.3611111111111072,1,orcasound_lab,10:01:00,2017-09-27,podcast_round3,train
59.165798611111114,61.08021483021484,OS_9_27_2017_10_01_00__0001,1.914416219103721,1,orcasound_lab,10:01:00,2017-09-27,podcast_round3,train
0.0,3.080443388756928,OS_9_27_2017_10_01_00__0003,3.080443388756928,1,orcasound_lab,10:01:00,2017-09-27,podcast_round3,train
9.8,12.25,OS_9_27_2017_10_01_00__0003,2.45,1,orcasound_lab,10:01:00,2017-09-27,podcast_round3,train
32.718110236220475,34.251771653543315,OS_9_27_2017_10_01_00__0003,1.5336614173228398,1,orcasound_lab,10:01:00,2017-09-27,podcast_round3,train
57.31456692913389,59.96389548693589,OS_9_27_2017_10_01_00__0003,2.6493285578020007,1,orcasound_lab,10:01:00,2017-09-27,podcast_round3,train
3.4242125984251968,6.317913385826772,OS_9_27_2017_10_01_00__0003,2.8937007874015754,1,orcasound_lab,10:01:00,2017-09-27,podcast_round3,train
13.552165354330707,14.902559055118113,OS_9_27_2017_10_01_00__0003,1.3503937007874036,1,orcasound_lab,10:01:00,2017-09-27,podcast_round3,train
16.397637795275593,19.387795275590552,OS_9_27_2017_10_01_00__0003,2.9901574803149598,1,orcasound_lab,10:01:00,2017-09-27,podcast_round3,train
22.088582677165352,24.596456692913385,OS_9_27_2017_10_01_00__0003,2.5078740157480333,1,orcasound_lab,10:01:00,2017-09-27,podcast_round3,train
24.837598425196852,26.5738188976378,OS_9_27_2017_10_01_00__0003,1.7362204724409411,1,orcasound_lab,10:01:00,2017-09-27,podcast_round3,train
27.68307086614173,29.80511811023621,OS_9_27_2017_10_01_00__0003,2.1220472440944853,1,orcasound_lab,10:01:00,2017-09-27,podcast_round3,train
30.52854330708661,31.782480314960623,OS_9_27_2017_10_01_00__0003,1.2539370078740184,1,orcasound_lab,10:01:00,2017-09-27,podcast_round3,train
34.62795275590551,36.315944881889756,OS_9_27_2017_10_01_00__0003,1.687992125984252,1,orcasound_lab,10:01:00,2017-09-27,podcast_round3,train
40.31889763779528,41.86220472440945,OS_9_27_2017_10_01_00__0003,1.5433070866141705,1,orcasound_lab,10:01:00,2017-09-27,podcast_round3,train
42.39271653543307,43.839566929133866,OS_9_27_2017_10_01_00__0003,1.4468503937007924,1,orcasound_lab,10:01:00,2017-09-27,podcast_round3,train
45.76870078740157,47.02263779527559,OS_9_27_2017_10_01_00__0003,1.2539370078740149,1,orcasound_lab,10:01:00,2017-09-27,podcast_round3,train
49.24114173228347,50.3503937007874,OS_9_27_2017_10_01_00__0003,1.1092519685039337,1,orcasound_lab,10:01:00,2017-09-27,podcast_round3,train
50.832677165354326,52.47244094488189,OS_9_27_2017_10_01_00__0003,1.6397637795275628,1,orcasound_lab,10:01:00,2017-09-27,podcast_round3,train
50.75583333333335,53.20583333333335,OS_9_27_2017_10_07_00__0000,2.450000000000003,1,orcasound_lab,10:07:00,2017-09-27,podcast_round3,train
0.0,2.082499999999998,OS_9_27_2017_10_07_00__0000,2.082499999999998,1,orcasound_lab,10:07:00,2017-09-27,podcast_round3,train
39.60833333333333,42.05833333333333,OS_9_27_2017_10_07_00__0000,2.450000000000003,1,orcasound_lab,10:07:00,2017-09-27,podcast_round3,train
54.30833333333334,56.14583333333333,OS_9_27_2017_10_07_00__0000,1.837499999999992,1,orcasound_lab,10:07:00,2017-09-27,podcast_round3,train
3.9375,6.875,OS_9_27_2017_10_07_00__0001,2.9375000000000004,1,orcasound_lab,10:07:00,2017-09-27,podcast_round3,train
16.0,18.8125,OS_9_27_2017_10_07_00__0001,2.8125,1,orcasound_lab,10:07:00,2017-09-27,podcast_round3,train
42.03281250000001,44.482812500000016,OS_9_27_2017_10_07_00__0002,2.450000000000003,1,orcasound_lab,10:07:00,2017-09-27,podcast_round3,train
4.6788194444444455,5.9123263888888875,OS_9_27_2017_10_07_00__0002,1.2335069444444446,1,orcasound_lab,10:07:00,2017-09-27,podcast_round3,train
5.7421875,7.060763888888888,OS_9_27_2017_10_07_00__0002,1.3185763888888893,1,orcasound_lab,10:07:00,2017-09-27,podcast_round3,train
7.3585069444444455,8.549479166666666,OS_9_27_2017_10_07_00__0002,1.1909722222222214,1,orcasound_lab,10:07:00,2017-09-27,podcast_round3,train
10.421006944444443,11.952256944444445,OS_9_27_2017_10_07_00__0002,1.53125,1,orcasound_lab,10:07:00,2017-09-27,podcast_round3,train
12.888020833333336,14.759548611111116,OS_9_27_2017_10_07_00__0002,1.8715277777777768,1,orcasound_lab,10:07:00,2017-09-27,podcast_round3,train
16.03559027777778,16.886284722222225,OS_9_27_2017_10_07_00__0002,0.8506944444444464,1,orcasound_lab,10:07:00,2017-09-27,podcast_round3,train
20.671875,23.86197916666667,OS_9_27_2017_10_07_00__0002,3.190104166666668,1,orcasound_lab,10:07:00,2017-09-27,podcast_round3,train
34.8359375,37.217881944444436,OS_9_27_2017_10_07_00__0002,2.381944444444444,1,orcasound_lab,10:07:00,2017-09-27,podcast_round3,train
38.111111111111114,40.025173611111114,OS_9_27_2017_10_07_00__0002,1.9140625,1,orcasound_lab,10:07:00,2017-09-27,podcast_round3,train
45.384548611111114,46.66059027777778,OS_9_27_2017_10_07_00__0002,1.2760416666666643,1,orcasound_lab,10:07:00,2017-09-27,podcast_round3,train
50.446180555555536,52.743055555555536,OS_9_27_2017_10_07_00__0002,2.2968750000000067,1,orcasound_lab,10:07:00,2017-09-27,podcast_round3,train
53.296006944444436,54.74218749999999,OS_9_27_2017_10_07_00__0002,1.4461805555555571,1,orcasound_lab,10:07:00,2017-09-27,podcast_round3,train
56.57118055555557,58.61284722222224,OS_9_27_2017_10_07_00__0002,2.0416666666666643,1,orcasound_lab,10:07:00,2017-09-27,podcast_round3,train
59.25086805555557,61.03791551246539,OS_9_27_2017_10_07_00__0002,1.7870474569098178,1,orcasound_lab,10:07:00,2017-09-27,podcast_round3,train
9.20451388888889,10.378472222222225,OS_9_27_2017_10_07_00__0003,1.1739583333333332,1,orcasound_lab,10:07:00,2017-09-27,podcast_round3,train
16.639583333333334,18.706770833333334,OS_9_27_2017_10_07_00__0003,2.0671875,1,orcasound_lab,10:07:00,2017-09-27,podcast_round3,train
20.238020833333334,22.77309027777777,OS_9_27_2017_10_07_00__0003,2.5350694444444417,1,orcasound_lab,10:07:00,2017-09-27,podcast_round3,train
1.1484375,2.4670138888888893,OS_9_27_2017_10_07_00__0003,1.3185763888888888,1,orcasound_lab,10:07:00,2017-09-27,podcast_round3,train
3.7005208333333335,4.934027777777779,OS_9_27_2017_10_07_00__0003,1.2335069444444442,1,orcasound_lab,10:07:00,2017-09-27,podcast_round3,train
5.486979166666668,6.848090277777778,OS_9_27_2017_10_07_00__0003,1.3611111111111107,1,orcasound_lab,10:07:00,2017-09-27,podcast_round3,train
7.868923611111112,9.400173611111112,OS_9_27_2017_10_07_00__0003,1.5312500000000018,1,orcasound_lab,10:07:00,2017-09-27,podcast_round3,train
10.3359375,12.420138888888893,OS_9_27_2017_10_07_00__0003,2.0842013888888893,1,orcasound_lab,10:07:00,2017-09-27,podcast_round3,train
12.675347222222221,14.334201388888893,OS_9_27_2017_10_07_00__0003,1.6588541666666683,1,orcasound_lab,10:07:00,2017-09-27,podcast_round3,train
23.691840277777786,25.010416666666675,OS_9_27_2017_10_07_00__0003,1.3185763888888893,1,orcasound_lab,10:07:00,2017-09-27,podcast_round3,train
25.77604166666667,27.094618055555557,OS_9_27_2017_10_07_00__0003,1.3185763888888855,1,orcasound_lab,10:07:00,2017-09-27,podcast_round3,train
39.684895833333336,41.896701388888886,OS_9_27_2017_10_07_00__0003,2.2118055555555567,1,orcasound_lab,10:07:00,2017-09-27,podcast_round3,train
51.296875,52.913194444444464,OS_9_27_2017_10_07_00__0003,1.6163194444444495,1,orcasound_lab,10:07:00,2017-09-27,podcast_round3,train
36.11197916666668,37.345486111111114,OS_9_27_2017_10_07_00__0003,1.2335069444444358,1,orcasound_lab,10:07:00,2017-09-27,podcast_round3,train
59.12326388888889,60.90972222222222,OS_9_27_2017_10_07_00__0003,1.7864583333333286,1,orcasound_lab,10:07:00,2017-09-27,podcast_round3,train
22.05,24.5,OS_9_27_2017_11_58_00__0001,2.45,1,orcasound_lab,11:58:00,2017-09-27,podcast_round3,train
0.0,61.25,OS_9_27_2017_08_03_00__0002,61.25,0,orcasound_lab,08:03:00,2017-09-27,podcast_round3,val
0.0,61.25,OS_9_27_2017_08_03_00__0003,61.25,0,orcasound_lab,08:03:00,2017-09-27,podcast_round3,val
0.0,61.25,OS_9_27_2017_08_09_00__0000,61.25,0,orcasound_lab,08:09:00,2017-09-27,podcast_round3,val
0.0,61.25,OS_9_27_2017_08_14_00__0003,61.25,0,orcasound_lab,08:14:00,2017-09-27,podcast_round3,val
0.0,61.25,OS_9_27_2017_08_35_00__0000,61.25,0,orcasound_lab,08:35:00,2017-09-27,podcast_round3,val
0.0,61.25,OS_9_27_2017_10_07_00__0004,61.25,0,orcasound_lab,10:07:00,2017-09-27,podcast_round3,train
0.0,61.25,OS_9_27_2017_10_28_00__0002,61.25,0,orcasound_lab,10:28:00,2017-09-27,podcast_round3,train
0.0,61.25,OS_9_27_2017_10_55_00__0002,61.25,0,orcasound_lab,10:55:00,2017-09-27,podcast_round3,train
0.0,61.25,OS_9_27_2017_10_55_00__0003,61.25,0,orcasound_lab,10:55:00,2017-09-27,podcast_round3,train
0.0,61.25,OS_9_27_2017_11_00_00__0000,61.25,0,orcasound_lab,11:00:00,2017-09-27,podcast_round3,train
0.0,61.25,OS_9_27_2017_11_00_00__0001,61.25,0,orcasound_lab,11:00:00,2017-09-27,podcast_round3,train
0.0,61.25,OS_9_27_2017_11_00_00__0002,61.25,0,orcasound_lab,11:00:00,2017-09-27,podcast_round3,train
0.0,61.25,OS_9_27_2017_11_00_00__0003,61.25,0,orcasound_lab,11:00:00,2017-09-27,podcast_round3,train
0.0,61.25,OS_9_27_2017_11_16_00__0000,61.25,0,orcasound_lab,11:16:00,2017-09-27,podcast_round3,train
0.0,61.25,OS_9_27_2017_11_16_00__0001,61.25,0,orcasound_lab,11:16:00,2017-09-27,podcast_round3,train
0.0,61.25,OS_9_27_2017_11_16_00__0003,61.25,0,orcasound_lab,11:16:00,2017-09-27,podcast_round3,train
0.0,61.25,OS_9_27_2017_11_16_00__0004,61.25,0,orcasound_lab,11:16:00,2017-09-27,podcast_round3,train
0.0,61.25,OS_9_27_2017_11_21_00__0000,61.25,0,orcasound_lab,11:21:00,2017-09-27,podcast_round3,train
0.0,61.25,OS_9_27_2017_11_21_00__0001,61.25,0,orcasound_lab,11:21:00,2017-09-27,podcast_round3,train
0.0,61.25,OS_9_27_2017_11_21_00__0003,61.25,0,orcasound_lab,11:21:00,2017-09-27,podcast_round3,train
0.0,61.25,OS_9_27_2017_11_21_00__0004,61.25,0,orcasound_lab,11:21:00,2017-09-27,podcast_round3,train
0.0,61.25,OS_9_27_2017_11_26_00__0001,61.25,0,orcasound_lab,11:26:00,2017-09-27,podcast_round3,train
0.0,61.25,OS_9_27_2017_11_26_00__0003,61.25,0,orcasound_lab,11:26:00,2017-09-27,podcast_round3,train
0.0,61.25,OS_9_27_2017_11_26_00__0004,61.25,0,orcasound_lab,11:26:00,2017-09-27,podcast_round3,train
0.0,61.25,OS_9_27_2017_11_32_00__0000,61.25,0,orcasound_lab,11:32:00,2017-09-27,podcast_round3,train
0.0,61.25,OS_9_27_2017_11_32_00__0001,61.25,0,orcasound_lab,11:32:00,2017-09-27,podcast_round3,train
0.0,61.25,OS_9_27_2017_11_37_00__0000,61.25,0,orcasound_lab,11:37:00,2017-09-27,podcast_round3,train
0.0,61.25,OS_9_27_2017_11_37_00__0001,61.25,0,orcasound_lab,11:37:00,2017-09-27,podcast_round3,train
0.0,61.25,OS_9_27_2017_11_37_00__0002,61.25,0,orcasound_lab,11:37:00,2017-09-27,podcast_round3,train
0.0,61.25,OS_9_27_2017_11_37_00__0003,61.25,0,orcasound_lab,11:37:00,2017-09-27,podcast_round3,train
0.0,61.25,OS_9_27_2017_11_37_00__0004,61.25,0,orcasound_lab,11:37:00,2017-09-27,podcast_round3,train
0.0,61.25,OS_9_27_2017_11_42_00__0001,61.25,0,orcasound_lab,11:42:00,2017-09-27,podcast_round3,train
0.0,61.25,OS_9_27_2017_11_42_00__0002,61.25,0,orcasound_lab,11:42:00,2017-09-27,podcast_round3,train
0.0,61.25,OS_9_27_2017_11_42_00__0003,61.25,0,orcasound_lab,11:42:00,2017-09-27,podcast_round3,train
0.0,61.25,OS_9_27_2017_11_42_00__0004,61.25,0,orcasound_lab,11:42:00,2017-09-27,podcast_round3,train
0.0,61.25,OS_9_27_2017_11_48_00__0000,61.25,0,orcasound_lab,11:48:00,2017-09-27,podcast_round3,train
0.0,61.25,OS_9_27_2017_11_48_00__0001,61.25,0,orcasound_lab,11:48:00,2017-09-27,podcast_round3,train
0.0,61.25,OS_9_27_2017_11_48_00__0002,61.25,0,orcasound_lab,11:48:00,2017-09-27,podcast_round3,train
0.0,61.25,OS_9_27_2017_11_48_00__0003,61.25,0,orcasound_lab,11:48:00,2017-09-27,podcast_round3,train
0.0,61.25,OS_9_27_2017_11_48_00__0004,61.25,0,orcasound_lab,11:48:00,2017-09-27,podcast_round3,train
0.0,61.25,OS_9_27_2017_11_53_00__0000,61.25,0,orcasound_lab,11:53:00,2017-09-27,podcast_round3,train
0.0,61.25,OS_9_27_2017_11_53_00__0002,61.25,0,orcasound_lab,11:53:00,2017-09-27,podcast_round3,train
0.0,61.25,OS_9_27_2017_11_53_00__0003,61.25,0,orcasound_lab,11:53:00,2017-09-27,podcast_round3,train
0.0,61.25,OS_9_27_2017_11_58_00__0000,61.25,0,orcasound_lab,11:58:00,2017-09-27,podcast_round3,train
0.0,61.25,OS_9_27_2017_11_58_00__0002,61.25,0,orcasound_lab,11:58:00,2017-09-27,podcast_round3,train
0.0,61.25,OS_9_27_2017_11_58_00__0004,61.25,0,orcasound_lab,11:58:00,2017-09-27,podcast_round3,train
