begin_time,end_time,filename,call_length,label,Annotation,Delta Time (s),High Freq (Hz),View,Delta Freq (Hz),Channel,Selection,Low Freq (Hz),Avg Power Density (dB FS/Hz)
0.815012551,1.199898481,738496579.150825043633-1,0.38488592999999993,0,2,0.8704,143737.636,Waveform 1,36645.226,1,2,107092.41,
2.880567351,3.350494925,738496579.150825043633-1,0.4699275740000002,0,4,0.2827,141359.893,Waveform 1,32449.208,1,4,108910.685,
3.633158237,4.108974977,738496579.150825043633-1,0.47581673999999996,0,1,0.9834,140940.291,Waveform 1,30211.331,1,5,110728.959,
5.092407752,5.489314179,738496579.150825043633-1,0.39690642700000023,0,1,0.4146,141639.627,Waveform 1,32728.942,1,6,108910.685,
5.903887037,7.089895419,738496579.150825043633-1,1.1860083820000007,0,1,0.1543,129331.307,Waveform 1,10210.311,1,7,119120.996,
7.244182477,8.517344952,738496579.150825043633-1,1.2731624750000003,0,4,0.9434,141080.158,Waveform 1,30630.933,1,8,110449.225,
9.460733757,9.722197088,738496579.150825043633-1,0.26146333099999985,0,3,0.2732,139681.485,Waveform 1,25455.844,1,9,114225.641,
9.99543829,10.177991679,738496579.150825043633-1,0.18255338900000062,0,3,0.4134,134786.131,Waveform 1,17203.675,1,10,117582.456,
10.591386774,11.501797871,738496579.150825043633-1,0.9104110970000008,0,3,0.3298,148632.991,Waveform 1,38883.103,1,11,109749.889,
11.831571736,12.467564,738496579.150825043633-1,0.6359922639999986,0,3,0.4947,134646.264,Waveform 1,25735.579,1,12,108910.685,
12.962224797,13.118867553,738496579.150825043633-1,0.1566427560000001,0,4,0.4205,144576.84,Waveform 1,34547.217,1,13,110029.623,
13.53932923,15.102222369,738496579.150825043633-1,1.5628931389999998,0,4,0.9752,147653.92,Waveform 1,39162.837,1,14,108491.083,
16.077410797,19.649569103,738496579.150825043633-1,3.572158306000002,0,1,0.7008,142478.831,Waveform 1,34267.482,1,15,108211.349,
20.350338565,21.475103557,738496579.150825043633-1,1.1247649919999994,0,4,1.4263,142618.698,Waveform 1,35945.89,1,16,106672.809,
22.901375522,23.451863822,738496579.150825043633-1,0.5504883000000014,0,1,0.828,142478.831,Waveform 1,37484.43,1,17,104994.401,
24.279831774,24.730915601,738496579.150825043633-1,0.45108382699999794,0,1,0.3156,141359.893,Waveform 1,31330.27,1,18,110029.623,
25.0465563,25.461129158,738496579.150825043633-1,0.41457285799999966,0,3,0.0789,143178.167,Waveform 1,34127.615,1,19,109050.552,
25.540039333,25.923990515,738496579.150825043633-1,0.38395118200000056,0,3,0.2403,139261.884,Waveform 1,30491.066,1,20,108770.818,
26.164254331,26.355052067,738496579.150825043633-1,0.19079773600000038,0,3,0.2332,141919.362,Waveform 1,35106.686,1,21,106812.676,
26.5882493,28.836601136,738496579.150825043633-1,2.2483518359999977,0,3,0.5912,148912.726,Waveform 1,40281.775,1,22,108630.95,
29.427838564,30.980131609,738496579.150825043633-1,1.552293044999999,0,1,0.4311,144297.106,Waveform 1,35386.421,1,23,108910.685,
31.41119316,31.837543221,738496579.150825043633-1,0.42635006100000084,0,3,0.252,138982.149,Waveform 1,28812.659,1,24,110169.49,
32.089584675,32.629000005,738496579.150825043633-1,0.5394153300000042,0,4,0.2568,147793.787,Waveform 1,38183.766,1,25,109610.021,
32.885752513,33.30019194,738496579.150825043633-1,0.4144394269999978,0,4,0.2026,150748.15,Waveform 1,44198.059,1,26,106550.091,
33.502767314,38.322177657,738496579.150825043633-1,4.819410342999994,0,1,0.5512,134523.546,Waveform 1,19861.153,1,27,114662.393,
38.873371116,39.859159664,738496579.150825043633-1,0.9857885480000022,0,3,0.8268,141656.777,Waveform 1,28812.659,1,28,112844.118,
40.685949853,41.366697413,738496579.150825043633-1,0.6807475600000004,0,3,0.7879,141237.175,Waveform 1,28393.057,1,29,112844.118,
42.154621397,42.396063235,738496579.150825043633-1,0.24144183800000008,0,3,0.4169,140258.104,Waveform 1,22798.366,1,30,117459.738,
42.81299162,42.974345261,738496579.150825043633-1,0.16135364100000515,0,3,0.139,142495.981,Waveform 1,35106.686,1,31,107389.295,
43.11332139,44.499549587,738496579.150825043633-1,1.3862281969999941,0,3,0.9139,143475.052,Waveform 1,33708.013,1,32,109767.038,
45.413494297,47.190740171,738496579.150825043633-1,1.777245874000002,0,3,0.0353,141377.043,Waveform 1,39302.704,1,33,102074.338,
47.226073085,47.650068054,738496579.150825043633-1,0.4239949689999989,0,4,0.3934,141237.175,Waveform 1,30351.199,1,34,110885.977,
48.043441164,49.237693899,738496579.150825043633-1,1.1942527349999992,0,1,1.2001,145712.928,Waveform 1,36225.624,1,35,109487.304,
50.437835213,51.307025139,738496579.150825043633-1,0.8691899259999971,0,4,0.1661,148790.008,Waveform 1,38463.501,1,36,110326.507,
51.473089835,51.734553399,738496579.150825043633-1,0.26146356399999604,0,3,0.8068,144593.99,Waveform 1,35386.421,1,37,109207.569,
52.541321603,53.944038714,738496579.150825043633-1,1.4027171110000012,0,1,0.5441,139698.635,Waveform 1,27413.986,1,38,112284.649,
54.488165591,56.217123029,738496579.150825043633-1,1.728957438000002,0,3,0.2662,149908.946,Waveform 1,41820.315,1,39,108088.631,
56.483297648,57.325398912,738496579.150825043633-1,0.8421012640000001,0,3,0.5194,150468.415,Waveform 1,42379.784,1,40,108088.631,
57.844792748,58.262899062,738496579.150825043633-1,0.4181063139999992,0,1,0.7844,142635.848,Waveform 1,34826.952,1,41,107808.896,
59.047289754,59.636171807,738496579.150825043633-1,0.588882052999999,0,3,1.1318,140118.237,Waveform 1,24616.64,1,42,115501.597,
60.768002821,61.623059019,738496579.150825043633-1,0.8550561979999998,0,1,0.5288,144454.123,Waveform 1,37764.164,1,43,106689.958,
62.151874966,64.045719564,738496579.150825043633-1,1.893844597999994,0,4,1.0376,140677.706,Waveform 1,35106.686,1,44,105571.02,
65.083329473,65.440760163,738496579.150825043633-1,0.35743068999998684,0,4,0.4004,135913.644,Waveform 1,26854.517,1,45,109059.127,
65.841199856,66.528645608,738496579.150825043633-1,0.6874457520000021,0,3,0.2897,142067.804,Waveform 1,33288.412,1,46,108779.393,
66.818375503,67.082194595,738496579.150825043633-1,0.26381909200000564,0,4,0.1484,139969.795,Waveform 1,30211.331,1,47,109758.463,
67.230592834,67.562130672,738496579.150825043633-1,0.3315378379999885,0,2,1.1448,142627.273,Waveform 1,33708.013,1,48,108919.26,
68.706917088,69.686330336,738496579.150825043633-1,0.9794132480000002,0,3,0.4723,140249.529,Waveform 1,31470.137,1,49,108779.393,
70.158613621,72.329262424,738496579.150825043633-1,2.170648803000006,0,4,0.384,140109.662,Waveform 1,32728.942,1,50,107380.72,
75.340687025,76.344764888,738496579.150825043633-1,1.0040778630000062,0,4,0.5877,142347.539,Waveform 1,31889.739,1,54,110457.8,
76.932469026,78.276159725,738496579.150825043633-1,1.3436906989999926,0,1,1.186,139969.795,Waveform 1,35526.288,1,55,104443.507,
79.462167874,83.012676882,738496579.150825043633-1,3.5505090079999917,0,4,0.1884,138291.388,Waveform 1,25176.11,1,56,113115.278,
83.20111909,83.646251212,738496579.150825043633-1,0.44513212199998975,0,3,0.5111,141788.07,Waveform 1,33148.544,1,57,108639.525,
86.945212266,87.325324261,738496579.150825043633-1,0.38011199500000714,0,1,0.6501,137592.051,Waveform 1,29931.597,1,61,107660.454,
87.97544988,88.801112292,738496579.150825043633-1,0.8256624119999998,0,4,0.7973,142767.14,Waveform 1,34407.35,1,62,108359.791,
89.598458386,89.991114752,738496579.150825043633-1,0.3926563659999971,0,4,0.6972,139270.459,Waveform 1,30351.199,1,63,108919.26,
90.688350923,91.237176247,738496579.150825043633-1,0.5488253239999921,0,3,0.8291,141228.6,Waveform 1,32449.208,1,64,108779.393,
92.066321963,92.314830125,738496579.150825043633-1,0.24850816200000736,0,1-possibility to 2 in it,0.7912,147942.23,Waveform 1,40561.51,1,65,107380.72,
93.106044283,93.715757624,738496579.150825043633-1,0.6097133410000026,0,1,0.3993,148221.964,Waveform 1,38183.766,1,66,110038.198,
94.115019553,96.714855271,738496579.150825043633-1,2.5998357180000085,0,4,0.3757,149201.035,Waveform 1,39162.837,1,67,110038.198,
97.090561924,97.302316291,738496579.150825043633-1,0.2117543669999975,0,1,0.5088,142347.539,Waveform 1,32169.473,1,68,110178.065,
97.811110253,98.454212013,738496579.150825043633-1,0.6431017600000075,0,4,0.8527,143046.875,Waveform 1,34407.35,1,69,108639.525,
99.306913005,99.503712143,738496579.150825043633-1,0.19679913800000293,0,4,0.9775,142767.14,Waveform 1,32728.942,1,70,110038.198,
100.481256099,100.578704782,738496579.150825043633-1,0.0974486829999961,0,1,0.8185,139270.459,Waveform 1,30071.464,1,71,109198.994,
101.397250624,101.573261045,738496579.150825043633-1,0.17601042100000086,0,1,1.2473,143326.61,Waveform 1,36085.757,1,72,107240.852,
102.820512912,103.900391784,738496579.150825043633-1,1.079878872000009,0,4,0.6737,140948.866,Waveform 1,35106.686,1,73,105842.18,
104.574072679,105.649832049,738496579.150825043633-1,1.07575937,0,1,0.2709,137731.919,Waveform 1,18042.879,1,74,119689.04,
105.920717724,110.481692743,738496579.150825043633-1,4.560975018999997,0,1,0.1237,141368.468,Waveform 1,28672.791,1,75,112695.676,
110.605357942,115.705553732,738496579.150825043633-1,5.100195790000001,0,1,0.3062,133256.166,Waveform 1,20420.622,1,77,112835.544,
116.011772321,117.151604564,738496579.150825043633-1,1.1398322430000007,0,4,0.199,142347.539,Waveform 1,33708.013,1,78,108639.525,
117.350646646,118.011136286,738496579.150825043633-1,0.6604896399999944,0,4,0.1166,142487.406,Waveform 1,32728.942,1,79,109758.463,
118.127734902,118.575864093,738496579.150825043633-1,0.4481291910000067,0,2,0.3015,141368.468,Waveform 1,35386.421,1,80,105982.047,
2.179050358,2.791029481,738496579.150825043633-2,0.6119791229999998,0,2,0.7248,140649.958,Waveform 1,35619.533,1,2,105030.426,
3.515855859,3.711168292,738496579.150825043633-2,0.19531243299999979,0,2,0.2199,149228.485,Waveform 1,41400.714,1,3,107827.771,
4.339061801,4.447568589,738496579.150825043633-2,0.10850678800000058,0,mix 1+2,0.8695,148482.526,Waveform 1,42146.672,1,5,106335.853,
5.317070891,5.952198249,738496579.150825043633-2,0.6351273580000001,0,3,0.2025,136547.185,Waveform 1,30397.821,1,6,106149.364,
6.154744542,7.328031826,738496579.150825043633-2,1.1732872839999997,0,1,0.1244,142701.345,Waveform 1,35992.512,1,7,106708.833,
7.45245312,7.971218795,738496579.150825043633-2,0.518765675,0,1,0.9939,145125.711,Waveform 1,36179.002,1,8,108946.709,
8.965142391,9.919018393,738496579.150825043633-2,0.9538760019999994,0,1,0.8478,143447.304,Waveform 1,34127.615,1,9,109319.689,
11.28909938,11.763556581,738496579.150825043633-2,0.4744572009999999,0,1,0.9722,141209.427,Waveform 1,35433.043,1,11,105776.384,
13.349204811,14.623799789,738496579.150825043633-2,1.2745949779999997,0,4,0.3906,141395.917,Waveform 1,33568.146,1,13,107827.771,
15.014424784,15.214077559,738496579.150825043633-2,0.19965277500000056,0,4,0.162,141209.427,Waveform 1,32822.187,1,14,108387.24,
15.376114593,15.701635433,738496579.150825043633-2,0.32552083999999937,0,1,0.1997,130393.025,Waveform 1,22938.233,1,15,107454.792,
16.410547459,16.661424309,738496579.150825043633-2,0.25087685000000093,0,4,0.7957,149228.485,Waveform 1,40468.265,1,17,108760.22,
17.45714189,19.566666488,738496579.150825043633-2,2.109524598,0,4,0.3675,140836.448,Waveform 1,32822.187,1,18,108014.261,
20.037121746,20.397364796,738496579.150825043633-2,0.3602430500000011,0,4,0.2199,142141.876,Waveform 1,32076.228,1,20,110065.648,
20.6172722,22.725323728,738496579.150825043633-2,2.1080515280000007,0,3,0.9086,141395.917,Waveform 1,32262.718,1,21,109133.199,
23.63388853,24.63349392,738496579.150825043633-2,0.9996053899999993,0,4,0.1968,144566.242,Waveform 1,34873.574,1,22,109692.668,
24.830253176,25.828747428,738496579.150825043633-2,0.9984942520000004,0,1,0.3848,140836.448,Waveform 1,31516.759,1,23,109319.689,
26.213585386,26.566825018,738496579.150825043633-2,0.3532396320000011,0,4,0.7335,142887.835,Waveform 1,33941.125,1,24,108946.709,
27.300331952,27.981135115,738496579.150825043633-2,0.6808031630000002,0,3,0.1461,141582.407,Waveform 1,33941.125,1,25,107641.281,
28.127257798,28.551984576,738496579.150825043633-2,0.42472677800000014,0,3,0.11,142701.345,Waveform 1,42146.672,1,26,100554.673,
28.661938278,29.208760648,738496579.150825043633-2,0.5468223699999974,0,3,0.2734,141955.386,Waveform 1,34687.084,1,27,107268.302,
29.482198144,31.505796131,738496579.150825043633-2,2.0235979869999987,0,2,0.6424,142701.345,Waveform 1,34687.084,1,28,108014.261,
32.148157233,33.519296747,738496579.150825043633-2,1.3711395139999993,0,4,0.1808,145685.18,Waveform 1,35433.043,1,29,110252.137,
33.700141652,33.908474982,738496579.150825043633-2,0.2083333300000021,0,3,0.2908,147177.098,Waveform 1,38416.878,1,30,108760.22,
34.199273589,34.75911316,738496579.150825043633-2,0.5598395709999977,0,4,0.1476,148669.016,Waveform 1,38603.368,1,31,110065.648,
34.906682602,35.359182622,738496579.150825043633-2,0.4525000200000022,0,3,0.2778,144193.263,Waveform 1,33381.656,1,32,110811.606,
35.636960396,36.2092548,738496579.150825043633-2,0.5722944039999973,0,3,0.6597,149414.974,Waveform 1,40841.244,1,33,108573.73,
36.868977013,36.971050169,738496579.150825043633-2,0.102073156000003,0,2,1.7812,149228.485,Waveform 1,40841.244,1,34,108387.24,
38.752265665,40.760213254,738496579.150825043633-2,2.007947588999997,0,2,0.2431,146058.16,Waveform 1,37111.45,1,35,108946.709,
41.003268806,42.09375789,738496579.150825043633-2,1.0904890839999979,0,1,0.3979,146804.119,Waveform 1,38603.368,1,36,108200.75,
42.49161668,42.64786675,738496579.150825043633-2,0.1562500699999987,0,4,1.0677,147923.057,Waveform 1,39162.837,1,37,108760.22,
43.715575068,45.823292718,738496579.150825043633-2,2.107717649999998,0,2,0.5599,144193.263,Waveform 1,37484.43,1,38,106708.833,
46.383188543,47.002062243,738496579.150825043633-2,0.6188736999999946,0,2,0.2951,143260.814,Waveform 1,33754.636,1,39,109506.178,
47.297201128,50.174905892,738496579.150825043633-2,2.8777047640000006,0,3,0.5425,143074.324,Waveform 1,33381.656,1,40,109692.668,
50.717440606,53.929031995,738496579.150825043633-2,3.211591389000006,0,3,1.127,149414.974,Waveform 1,40841.244,1,41,108573.73,
55.056057442,55.200963743,738496579.150825043633-2,0.144906301000006,0,2,0.2691,149228.485,Waveform 1,40095.286,1,42,109133.199,
55.470060962,57.334803881,738496579.150825043633-2,1.864742919000001,0,2,0.6019,146244.649,Waveform 1,39535.817,1,43,106708.833,
57.936655724,58.265070071,738496579.150825043633-2,0.32841434699999894,0,3,0.3545,144752.732,Waveform 1,35246.553,1,44,109506.178,
58.619526085,58.854103332,738496579.150825043633-2,0.23457724700000426,0,1,0.2329,145312.201,Waveform 1,36179.002,1,45,109133.199,
59.087031569,59.506850254,738496579.150825043633-2,0.41981868500000274,0,3,1.0026,144939.222,Waveform 1,35806.023,1,46,109133.199,
61.189972753,61.973728016,738496579.150825043633-2,0.7837552630000033,0,4,0.6785,148296.036,Waveform 1,39908.796,1,48,108387.24,
63.969633511,68.498547689,738496579.150825043633-2,4.528914178000008,0,3,0.34,144006.773,Waveform 1,34687.084,1,50,109319.689,
68.83853611,69.207976726,738496579.150825043633-2,0.36944061599999145,0,4,0.6525,145125.711,Waveform 1,39162.837,1,51,105962.874,
69.860465143,70.131833625,738496579.150825043633-2,0.27136848199999974,0,4,0.5729,145312.201,Waveform 1,38603.368,1,52,106708.833,
70.704750284,71.374264189,738496579.150825043633-2,0.6695139050000023,0,4,0.5353,141582.407,Waveform 1,33381.656,1,53,108200.75,
71.909565107,74.669226109,738496579.150825043633-2,2.759661001999987,0,4,0.4239,141955.386,Waveform 1,35060.064,1,54,106895.323,
75.093126565,79.630728564,738496579.150825043633-2,4.537601998999989,0,1,0.9823,143633.794,Waveform 1,35619.533,1,55,108014.261,
80.613078087,80.927534587,738496579.150825043633-2,0.3144564999999915,0,1,1.195,142328.366,Waveform 1,35433.043,1,56,106895.323,
82.122557718,83.11262992,738496579.150825043633-2,0.9900722020000075,0,4,0.4499,141582.407,Waveform 1,32076.228,1,57,109506.178,
83.562572043,86.298462642,738496579.150825043633-2,2.735890599000001,0,1 mixed with 2,0.991,146804.119,Waveform 1,37484.43,1,58,109319.689,
89.887767179,90.804313055,738496579.150825043633-2,0.9165458760000007,0,1,0.434,142887.835,Waveform 1,35992.512,1,62,106895.323,
91.238340826,92.855531854,738496579.150825043633-2,1.6171910280000077,0,4,0.2322,148296.036,Waveform 1,38789.858,1,63,109506.178,
93.087755865,94.897674613,738496579.150825043633-2,1.8099187480000012,0,4,0.6895,145312.201,Waveform 1,37111.45,1,64,108200.75,
95.587185556,98.500585299,738496579.150825043633-2,2.9133997429999994,0,2,0.1862,145498.691,Waveform 1,34687.084,1,65,110811.606,
98.686773714,99.099380791,738496579.150825043633-2,0.4126070770000041,0,2,0.1125,144379.752,Waveform 1,33381.656,1,66,110998.096,
99.211912251,99.797834506,738496579.150825043633-2,0.5859222549999998,0,2,0.1831,141022.938,Waveform 1,30397.821,1,67,110625.117,
99.980953881,100.90630201,738496579.150825043633-2,0.9253481289999996,0,2,0.312,140649.958,Waveform 1,32076.228,1,68,108573.73,
101.218321056,102.42683656,738496579.150825043633-2,1.2085155040000046,0,1 mixed with 2,0.7857,150720.402,Waveform 1,42706.141,1,69,108014.261,
103.622531771,103.854755783,738496579.150825043633-2,0.2322240120000032,0,1 mixed with 2,0.3437,148296.036,Waveform 1,38416.878,1,71,109879.158,
104.198488241,104.40124904,738496579.150825043633-2,0.20276079899998933,0,4,0.3018,147177.098,Waveform 1,37111.45,1,72,110065.648,
104.703037954,107.456371876,738496579.150825043633-2,2.75333392200001,0,4,0.4624,145871.67,Waveform 1,36551.981,1,73,109319.689,
107.918773873,108.172073795,738496579.150825043633-2,0.2532999219999965,0,3,1.1056,145685.18,Waveform 1,36924.961,1,74,108760.22,
109.277672328,112.678985121,738496579.150825043633-2,3.4013127930000024,0,4,0.667,142328.366,Waveform 1,36179.002,1,75,106149.364,
114.105269789,116.839094948,738496579.150825043633-2,2.7338251589999913,0,2,0.9616,146617.629,Waveform 1,38603.368,1,77,108014.261,
119.737429596,119.981929767,738496579.150825043633-2,0.24450017099999855,0,4,0.0102,148296.036,Waveform 1,38603.368,1,81,109692.668,
0.619946041,1.031400982,738496579.150825043633-3,0.41145494100000013,0,1 mixed with 2,1.0281,142264.197,Waveform 1,35440.292,1,2,106823.906,
2.422902634,2.602952969,738496579.150825043633-3,0.18005033499999978,0,2,0.1974,143883.297,Waveform 1,34900.592,1,4,108982.705,
2.80039453,3.07271978,738496579.150825043633-3,0.27232524999999974,0,2,0.1688,148020.996,Waveform 1,37239.291,1,5,110781.705,
3.241516969,3.481924253,738496579.150825043633-3,0.24040728399999978,0,4,0.6578,148380.796,Waveform 1,39577.991,1,6,108802.805,
4.139721784,6.728963609,738496579.150825043633-3,2.589241825,0,2,0.2803,141364.698,Waveform 1,31482.493,1,7,109882.205,
7.009269245,7.372437729,738496579.150825043633-3,0.363168484,0,4,0.4102,146941.596,Waveform 1,38498.591,1,8,108443.005,
7.78266605,8.834800752,738496579.150825043633-3,1.052134702,0,4,0.1402,142444.097,Waveform 1,33821.192,1,9,108622.905,
8.97495357,9.578804369,738496579.150825043633-3,0.6038507989999999,0,4,0.2414,143703.397,Waveform 1,34001.092,1,10,109702.305,
9.820235501,10.684201929,738496579.150825043633-3,0.8639664279999995,0,3,0.0931,146581.796,Waveform 1,36699.592,1,11,109882.205,
10.925633061,11.357343602,738496579.150825043633-3,0.43171054100000106,0,4,0.534,145142.597,Waveform 1,34540.792,1,13,110601.805,
11.891356528,16.231994282,738496579.150825043633-3,4.340637753999999,0,2,0.2895,140824.998,Waveform 1,34540.792,1,14,106284.206,
16.736339823,17.292656871,738496579.150825043633-3,0.5563170479999968,0,1 mixed with 2,0.2026,145862.197,Waveform 1,35979.992,1,16,109882.205,
17.495213498,17.718229417,738496579.150825043633-3,0.22301591900000162,0,1 mixed with 2,0.621,147481.296,Waveform 1,41556.89,1,17,105924.406,
19.221035561,19.408926913,738496579.150825043633-3,0.18789135199999762,0,1 mixed with 2,0.9719,148020.996,Waveform 1,38498.591,1,19,109522.405,
20.380789518,21.091712717,738496579.150825043633-3,0.7109231989999998,0,4,0.1013,149460.196,Waveform 1,39577.991,1,20,109882.205,
21.19299103,21.680967192,738496579.150825043633-3,0.48797616199999894,0,3,0.8112,149460.196,Waveform 1,43355.89,1,21,106104.306,
22.492216714,25.006030909,738496579.150825043633-3,2.5138141949999984,0,3,0.2292,142983.797,Waveform 1,32921.692,1,22,110062.105,
25.235185881,25.826076565,738496579.150825043633-3,0.5908906840000014,0,2,0.6097,142084.297,Waveform 1,32381.993,1,23,109702.305,
26.435792473,27.953124003,738496579.150825043633-3,1.5173315299999999,0,4,0.8286,142084.297,Waveform 1,33821.192,1,24,108263.105,
28.78176475,29.437992494,738496579.150825043633-3,0.6562277439999988,0,1 mixed with 2,0.7407,148200.896,Waveform 1,39577.991,1,25,108622.905,
30.716483885,31.10754702,738496579.150825043633-3,0.39106313499999956,0,1,0.1391,141904.397,Waveform 1,34540.792,1,27,107363.605,
31.246676825,31.533396223,738496579.150825043633-3,0.2867193979999989,0,1,0.5483,144602.897,Waveform 1,35260.392,1,28,109342.505,
33.866406993,34.815624388,738496579.150825043633-3,0.9492173950000051,0,1 mixed with 2,0.6547,148740.596,Waveform 1,40477.491,1,31,108263.105,
35.470352741,35.569309972,738496579.150825043633-3,0.09895723099999998,0,1 mixed with 2,0.533,141004.898,Waveform 1,33101.592,1,32,107903.305,
36.102299885,36.269802482,738496579.150825043633-3,0.16750259700000214,0,1 mixed with 2,0.7642,141364.698,Waveform 1,33821.192,1,33,107543.505,
37.033993393,43.583791681,738496579.150825043633-3,6.549798287999998,0,4,0.6189,149819.996,Waveform 1,39218.191,1,34,110601.805,
44.202714708,44.668733495,738496579.150825043633-3,0.4660187869999959,0,3,1.2634,149460.196,Waveform 1,39577.991,1,35,109882.205,
45.932154881,46.374776537,738496579.150825043633-3,0.44262165600000003,0,3,0.1882,141724.497,Waveform 1,30403.093,1,36,111321.404,
46.563010978,47.894763826,738496579.150825043633-3,1.3317528480000007,0,3,0.6015,141724.497,Waveform 1,31842.293,1,37,109882.205,
48.496295627,49.051384464,738496579.150825043633-3,0.5550888369999996,0,4,0.7662,141184.798,Waveform 1,32381.993,1,38,108802.805,
49.817621401,51.861599272,738496579.150825043633-3,2.0439778710000027,0,1,0.8951,144063.197,Waveform 1,37958.891,1,39,106104.306,
52.756735881,52.969179552,738496579.150825043633-3,0.2124436710000026,0,3,0.8982,143343.597,Waveform 1,34540.792,1,40,108802.805,
53.867385201,53.964636229,738496579.150825043633-3,0.0972510280000023,0,2,0.8583,145322.497,Waveform 1,35979.992,1,41,109342.505,
57.477185401,59.785100694,738496579.150825043633-3,2.3079152930000006,0,3,0.6527,144063.197,Waveform 1,36159.892,1,45,107903.305,
60.437783159,61.588598448,738496579.150825043633-3,1.1508152890000005,0,3,0.4153,139925.498,Waveform 1,30223.193,1,46,109702.305,
62.003941835,62.929772946,738496579.150825043633-3,0.9258311110000008,0,4,0.4941,143163.697,Waveform 1,34360.892,1,47,108802.805,
63.423888355,64.30729294,738496579.150825043633-3,0.8834045849999939,0,4,0.5678,142444.097,Waveform 1,33641.292,1,48,108802.805,
64.875065303,65.223498228,738496579.150825043633-3,0.34843292499999734,0,4,0.4839,140285.298,Waveform 1,31122.693,1,49,109162.605,
65.707383504,68.938804583,738496579.150825043633-3,3.2314210790000004,0,2,0.6711,149460.196,Waveform 1,39937.791,1,50,109522.405,
69.609901287,69.826437011,738496579.150825043633-3,0.21653572399999632,0,2,0.7591,149280.296,Waveform 1,40297.591,1,51,108982.705,
70.585512856,70.775528976,738496579.150825043633-3,0.1900161200000099,0,4,0.6527,149819.996,Waveform 1,41197.09,1,52,108622.905,
71.428211441,71.99407044,738496579.150825043633-3,0.5658589989999996,0,1,0.0962,146221.996,Waveform 1,38678.491,1,53,107543.505,
72.090233688,72.507820042,738496579.150825043633-3,0.417586354000008,0,1 mixed with 2,0.9933,146581.796,Waveform 1,36339.792,1,54,110242.005,
74.21284007,74.612495169,738496579.150825043633-3,0.3996550990000003,0,1 mixed with 2,0.5187,148200.896,Waveform 1,38498.591,1,56,109702.305,
75.131162896,75.666750201,738496579.150825043633-3,0.5355873049999929,0,1,1.0261,149280.296,Waveform 1,40477.491,1,57,108802.805,
77.382476113,79.733354348,738496579.150825043633-3,2.3508782350000104,0,4,0.1187,141184.798,Waveform 1,31122.693,1,60,110062.105,
79.852023887,82.238367625,738496579.150825043633-3,2.3863437379999937,0,1,0.9841,149460.196,Waveform 1,40477.491,1,61,108982.705,
83.222505552,83.717101653,738496579.150825043633-3,0.49459610099999907,0,4,0.2251,144962.697,Waveform 1,36699.592,1,62,108263.105,
83.942164572,84.848146959,738496579.150825043633-3,0.9059823870000088,0,1,0.802,141904.397,Waveform 1,35440.292,1,63,106464.106,
85.650189361,85.794155421,738496579.150825043633-3,0.1439660599999968,0,1,0.5187,144782.797,Waveform 1,37599.091,1,64,107183.705,
86.994148979,89.444471911,738496579.150825043633-3,2.4503229319999917,0,4,0.1606,148560.696,Waveform 1,41017.191,1,66,107543.505,
89.605084994,89.998190088,738496579.150825043633-3,0.39310509400000626,0,1,1.0414,145682.297,Waveform 1,36159.892,1,67,109522.405,
91.039617595,91.25861127,738496579.150825043633-3,0.21899367500000722,0,3,0.6629,147661.196,Waveform 1,38678.491,1,68,108982.705,
91.921523867,93.408710453,738496579.150825043633-3,1.4871865859999929,0,4,0.268,144962.697,Waveform 1,37778.991,1,69,107183.705,
93.676739929,94.088266946,738496579.150825043633-3,0.4115270170000116,0,4,0.3478,143703.397,Waveform 1,36159.892,1,70,107543.505,
94.436091457,95.6759089,738496579.150825043633-3,1.2398174429999926,0,4,0.6087,144063.197,Waveform 1,37599.091,1,71,106464.106,
96.284601794,96.716589076,738496579.150825043633-3,0.4319872820000086,0,3,0.2199,141544.598,Waveform 1,33461.392,1,72,108083.205,
96.936536929,97.912076987,738496579.150825043633-3,0.9755400580000071,0,4,0.1841,140465.198,Waveform 1,32202.093,1,73,108263.105,
98.096219375,98.862041713,738496579.150825043633-3,0.7658223379999924,0,1,0.4082,147661.196,Waveform 1,39218.191,1,74,108443.005,
99.270224007,101.238574022,738496579.150825043633-3,1.9683500149999986,0,4,0.4409,143703.397,Waveform 1,43355.89,1,75,100347.507,
101.67949274,102.632526506,738496579.150825043633-3,0.9530337660000043,0,4,0.4706,146401.896,Waveform 1,36879.491,1,76,109522.405,
103.103112609,103.676615684,738496579.150825043633-3,0.573503075000005,0,1 mixed with 2,0.2302,143343.597,Waveform 1,33281.492,1,77,110062.105,
103.90679367,104.097074138,738496579.150825043633-3,0.19028046799999743,0,1,1.0087,147121.496,Waveform 1,39218.191,1,78,107903.305,
106.251741125,109.85076393,738496579.150825043633-3,3.599022805000004,0,2,0.8962,149280.296,Waveform 1,39218.191,1,81,110062.105,
110.864570079,116.258230712,738496579.150825043633-3,5.393660632999996,0,1,1.0179,143703.397,Waveform 1,36699.592,1,83,107003.805,
1.167202062,1.645675538,738496579.150825043633-4,0.478473476,0,3,0.383,142526.993,Waveform 1,35328.905,1,2,107198.087,
2.028681473,2.250301872,738496579.150825043633-4,0.2216203990000003,0,2,0.2762,144906.043,Waveform 1,34615.19,1,3,110290.854,
2.52647529,2.985928813,738496579.150825043633-4,0.4594535230000001,0,4,0.2182,147248.584,Waveform 1,37553.671,1,4,109694.913,
3.20413991,4.837811695,738496579.150825043633-4,1.6336717850000002,0,3,0.2318,143341.994,Waveform 1,31882.815,1,5,111459.18,
5.069660984,5.342424855,738496579.150825043633-4,0.27276387099999955,0,3,0.2648,141073.652,Waveform 1,30874.662,1,6,110198.989,
5.607233112,8.015073472,738496579.150825043633-4,2.407840359999999,0,1,0.8524,142585.88,Waveform 1,35033.29,1,7,107552.59,
9.816451661,10.87000227,738496579.150825043633-4,1.0535506090000002,0,3,0.1534,144476.165,Waveform 1,33143.005,1,9,111333.16,
11.023431947,11.969013599,738496579.150825043633-4,0.9455816519999996,0,3,0.3898,145736.356,Waveform 1,37553.671,1,10,108182.685,
12.35883863,13.331696663,738496579.150825043633-4,0.9728580330000014,0,4,0.1818,149390.908,Waveform 1,38939.88,1,11,110451.027,
13.513539243,13.682880146,738496579.150825043633-4,0.16934090300000015,0,1 mixed with 2,0.8433,149264.889,Waveform 1,40578.128,1,12,108686.761,
14.526175113,15.54903992,738496579.150825043633-4,1.0228648069999995,0,3,0.5387,143720.051,Waveform 1,35789.405,1,13,107930.647,
16.087748564,17.9831793,738496579.150825043633-4,1.895430735999998,0,1,0.7808,142585.88,Waveform 1,36041.443,1,14,106544.437,
18.763965879,19.156064129,738496579.150825043633-4,0.3920982500000001,0,1 mixed with 2,1.0467,144098.108,Waveform 1,35537.367,1,15,108560.742,
20.202795482,22.059863358,738496579.150825043633-4,1.8570678760000021,0,1,0.183,148382.755,Waveform 1,32890.967,1,16,115491.788,
22.242842455,24.090818177,738496579.150825043633-4,1.8479757219999975,0,4,0.1955,142837.918,Waveform 1,31882.815,1,17,110955.103,
24.286298951,25.12732117,738496579.150825043633-4,0.8410222189999992,0,1 mixed with 2,0.7274,143594.032,Waveform 1,33143.005,1,18,110451.027,
25.854691491,26.734370825,738496579.150825043633-4,0.8796793339999986,0,4,0.3091,149012.851,Waveform 1,39695.995,1,19,109316.856,
27.043503211,27.179885147,738496579.150825043633-4,0.13638193599999937,0,3,0.5319,149264.889,Waveform 1,40704.147,1,20,108560.742,
27.711774694,29.808159707,738496579.150825043633-4,2.0963850130000026,0,1,0.7933,144728.204,Waveform 1,30244.567,1,21,114483.636,
30.601447963,31.139020147,738496579.150825043633-4,0.5375721840000018,0,2,0.3205,143846.07,Waveform 1,33395.043,1,22,110451.027,
31.459517695,31.669773178,738496579.150825043633-4,0.21025548300000096,0,2,1.0183,146870.527,Waveform 1,38183.766,1,23,108686.761,
32.688091733,32.914258611,738496579.150825043633-4,0.2261668780000008,0,2,0.1648,142333.842,Waveform 1,26337.977,1,24,115995.865,
33.079053449,34.246857998,738496579.150825043633-4,1.167804549000003,0,1 mixed with 2,0.874,149516.927,Waveform 1,40200.071,1,25,109316.856,
35.1208389,38.906575085,738496579.150825043633-4,3.7857361849999975,0,1,0.5637,143468.013,Waveform 1,34655.233,1,26,108812.78,
39.470287084,42.274483076,738496579.150825043633-4,2.804195992000004,0,1 mixed with 2,0.9547,146618.489,Waveform 1,37175.614,1,27,109442.875,
43.590568896,44.47962761,738496579.150825043633-4,0.8890587140000008,0,1 mixed with 2,0.8194,145610.337,Waveform 1,35789.405,1,29,109820.932,
45.299055738,45.709338224,738496579.150825043633-4,0.41028248599999984,0,1 mixed with 2,0.3648,143341.994,Waveform 1,33773.1,1,30,109568.894,
46.0741599,46.645827814,738496579.150825043633-4,0.5716679140000025,0,3,0.5546,145232.28,Waveform 1,28984.377,1,31,116247.903,
48.171032457,49.310470213,738496579.150825043633-4,1.1394377559999995,0,3,0.7171,143215.975,Waveform 1,32890.967,1,33,110325.008,
50.027611889,50.12421576,738496579.150825043633-4,0.09660387099999923,0,4,0.3262,145736.356,Waveform 1,36293.481,1,34,109442.875,
50.450395888,50.926551528,738496579.150825043633-4,0.47615563999999466,0,4,0.4341,144602.184,Waveform 1,31882.815,1,35,112719.37,
51.693699913,52.233744785,738496579.150825043633-4,0.5400448719999957,0,1,0.1807,141199.671,Waveform 1,34277.176,1,37,106922.494,
52.414450849,52.906562332,738496579.150825043633-4,0.4921114830000022,0,1,0.5887,143089.956,Waveform 1,30622.624,1,38,112467.332,
53.495277686,53.82373119,738496579.150825043633-4,0.3284535039999952,0,1,0.6012,142837.918,Waveform 1,31882.815,1,39,110955.103,
54.424948221,54.759083963,738496579.150825043633-4,0.33413574200000085,0,4,0.2898,147122.565,Waveform 1,39065.899,1,40,108056.666,
55.048895575,55.250458009,738496579.150825043633-4,0.20156243399999596,0,4,0.5489,145988.394,Waveform 1,37931.728,1,41,108056.666,
55.799395299,56.953158879,738496579.150825043633-4,1.1537635800000032,0,1 mixed with 2?,0.2125,149138.87,Waveform 1,41586.28,1,42,107552.59,
57.165687395,59.160130353,738496579.150825043633-4,1.9944429580000005,0,3,0.4557,140569.576,Waveform 1,28102.244,1,43,112467.332,
59.61587332,60.120441863,738496579.150825043633-4,0.5045685430000049,0,1,0.8751,147374.603,Waveform 1,39191.918,1,44,108182.685,
62.157178618,62.518992222,738496579.150825043633-4,0.3618136039999982,0,2,0.2409,149138.87,Waveform 1,40200.071,1,46,108938.799,
62.759933641,63.385606025,738496579.150825043633-4,0.6256723839999978,0,1,1.0297,144098.108,Waveform 1,35915.424,1,47,108182.685,
64.415289636,64.970807003,738496579.150825043633-4,0.5555173670000073,0,1 mixed with 2,1.0547,145106.261,Waveform 1,35411.348,1,48,109694.913,
66.744360676,66.910643578,738496579.150825043633-4,0.16628290200000606,0,4,0.9217,142837.918,Waveform 1,32890.967,1,50,109946.951,
70.113847355,71.410415802,738496579.150825043633-4,1.2965684469999985,0,4,0.3796,144980.242,Waveform 1,34277.176,1,53,110703.065,
71.790012188,72.303025003,738496579.150825043633-4,0.5130128149999962,0,1,1.0331,148004.698,Waveform 1,39822.014,1,54,108182.685,
75.377608056,75.548085475,738496579.150825043633-4,0.1704774189999938,0,1,0.6955,146870.527,Waveform 1,38309.785,1,58,108560.742,
76.243633491,77.827149805,738496579.150825043633-4,1.5835163140000077,0,4,0.1125,148130.717,Waveform 1,39191.918,1,59,108938.799,
77.939664901,78.560992985,738496579.150825043633-4,0.6213280839999982,0,3,0.1421,142585.88,Waveform 1,36041.443,1,60,106544.437,
78.703057501,79.159936984,738496579.150825043633-4,0.4568794829999945,0,4,0.1375,148130.717,Waveform 1,40200.071,1,61,107930.647,
79.297455436,81.709347679,738496579.150825043633-4,2.411892242999997,0,4,0.1716,144350.146,Waveform 1,35033.29,1,62,109316.856,
81.880961614,82.154862001,738496579.150825043633-4,0.27390038699999764,0,4,0.25,147248.584,Waveform 1,38057.747,1,63,109190.837,
82.404895549,83.541905645,738496579.150825043633-4,1.1370100959999974,0,4,0.3796,143972.089,Waveform 1,34655.233,1,64,109316.856,
83.921502031,84.063566547,738496579.150825043633-4,0.1420645159999907,0,1,1.0717,147122.565,Waveform 1,38813.861,1,65,108308.704,
87.625022543,88.447326942,738496579.150825043633-4,0.8223043990000036,0,1,0.4989,144980.242,Waveform 1,38309.785,1,69,106670.456,
92.360751391,95.642228255,738496579.150825043633-4,3.2814768640000125,0,3,0.816,148886.832,Waveform 1,39569.976,1,73,109316.856,
96.458246834,96.895165048,738496579.150825043633-4,0.4369182140000021,0,4,0.1989,147626.641,Waveform 1,38309.785,1,74,109316.856,
97.09405537,100.512604592,738496579.150825043633-4,3.418549221999996,0,1 mixed with 2,1.0058,148508.774,Waveform 1,40578.128,1,75,107930.647,
102.960513804,104.79307177,738496579.150825043633-4,1.832557965999996,0,1,0.4432,145106.261,Waveform 1,34781.252,1,78,110325.008,
106.018236154,106.389386217,738496579.150825043633-4,0.37115006300000175,0,1,0.3819,143089.956,Waveform 1,31126.7,1,80,111963.256,
106.771255635,107.061067248,738496579.150825043633-4,0.2898116129999977,0,2,0.2512,144602.184,Waveform 1,34151.157,1,81,110451.027,
107.312237312,107.580216098,738496579.150825043633-4,0.26797878600000047,0,3,0.6103,144098.108,Waveform 1,33269.024,1,82,110829.084,
108.190525259,108.343954936,738496579.150825043633-4,0.15342967700000543,0,1 mixed with 2,0.9668,144350.146,Waveform 1,35537.367,1,83,108812.78,
110.231267439,111.67647517,738496579.150825043633-4,1.4452077309999964,0,4,0.2853,146366.451,Waveform 1,36293.481,1,85,110072.97,
111.961740717,112.623594579,738496579.150825043633-4,0.661853862000001,0,4,0.2762,143341.994,Waveform 1,32764.948,1,86,110577.046,
112.899767998,113.905086697,738496579.150825043633-4,1.005318699,0,3,0.4535,143468.013,Waveform 1,33521.062,1,87,109946.951,
114.358556631,114.566539083,738496579.150825043633-4,0.207982451999996,0,3,0.6387,149390.908,Waveform 1,42468.413,1,88,106922.494,
115.205261146,116.514144231,738496579.150825043633-4,1.308883085000005,0,4,0.1943,144098.108,Waveform 1,36167.462,1,89,107930.647,
116.708488489,117.570800557,738496579.150825043633-4,0.8623120679999943,0,1 mixed with 2,0.3876,146114.413,Waveform 1,36923.576,1,90,109190.837,
117.958352557,118.304205007,738496579.150825043633-4,0.3458524499999953,0,1 mixed with 2,0.3546,145862.375,Waveform 1,36671.538,1,92,109190.837,
118.658798038,120.295832664,738496579.150825043633-4,1.637034626000002,0,3,0.8386,144728.204,Waveform 1,36041.443,1,93,108686.761,
121.13442973,121.324227923,738496579.150825043633-4,0.18979819300000145,0,3,0.1421,149264.889,Waveform 1,40704.147,1,94,108560.742,
0.070665828,0.815012551,738496579.150825043633-1,0.744346723,0,4,0.7443,146534.982,Waveform 1,39162.837,1,1,107372.145,
1.199898481,2.07026593,738496579.150825043633-1,0.8703674490000002,0,2,0.8704,143737.636,Waveform 1,36645.226,1,2,107092.41,
2.142109447,2.880567351,738496579.150825043633-1,0.7384579039999997,0,2,0.7385,145276.177,Waveform 1,36645.226,1,3,108630.95,
3.350494925,3.633158237,738496579.150825043633-1,0.28266331199999994,0,4,0.2827,141359.893,Waveform 1,32449.208,1,4,108910.685,
4.108974977,5.092407752,738496579.150825043633-1,0.9834327749999998,1,1,0.9834,140940.291,Waveform 1,30211.331,1,5,110728.959,
5.489314179,5.903887037,738496579.150825043633-1,0.41457285799999966,1,1,0.4146,141639.627,Waveform 1,32728.942,1,6,108910.685,
7.089895419,7.244182477,738496579.150825043633-1,0.15428705799999953,1,1,0.1543,129331.307,Waveform 1,10210.311,1,7,119120.996,
8.517344952,9.460733757,738496579.150825043633-1,0.9433888049999997,0,4,0.9434,141080.158,Waveform 1,30630.933,1,8,110449.225,
9.722197088,9.99543829,738496579.150825043633-1,0.27324120199999946,0,3,0.2732,139681.485,Waveform 1,25455.844,1,9,114225.641,
10.177991679,10.591386774,738496579.150825043633-1,0.41339509500000027,0,3,0.4134,134786.131,Waveform 1,17203.675,1,10,117582.456,
11.501797871,11.831571736,738496579.150825043633-1,0.32977386499999994,0,3,0.3298,148632.991,Waveform 1,38883.103,1,11,109749.889,
12.467564,12.962224797,738496579.150825043633-1,0.4946607969999999,0,3,0.4947,134646.264,Waveform 1,25735.579,1,12,108910.685,
13.118867553,13.53932923,738496579.150825043633-1,0.4204616770000005,0,4,0.4205,144576.84,Waveform 1,34547.217,1,13,110029.623,
15.102222369,16.077410797,738496579.150825043633-1,0.9751884279999992,0,4,0.9752,147653.92,Waveform 1,39162.837,1,14,108491.083,
19.649569103,20.350338565,738496579.150825043633-1,0.7007694620000002,1,1,0.7008,142478.831,Waveform 1,34267.482,1,15,108211.349,
21.475103557,22.901375522,738496579.150825043633-1,1.426271964999998,0,4,1.4263,142618.698,Waveform 1,35945.89,1,16,106672.809,
23.451863822,24.279831774,738496579.150825043633-1,0.8279679520000016,1,1,0.828,142478.831,Waveform 1,37484.43,1,17,104994.401,
24.730915601,25.0465563,738496579.150825043633-1,0.31564069899999936,1,1,0.3156,141359.893,Waveform 1,31330.27,1,18,110029.623,
25.923990515,26.164254331,738496579.150825043633-1,0.2402638159999988,0,3,0.2403,139261.884,Waveform 1,30491.066,1,20,108770.818,
26.355052067,26.5882493,738496579.150825043633-1,0.23319723300000206,0,3,0.2332,141919.362,Waveform 1,35106.686,1,21,106812.676,
28.836601136,29.427838564,738496579.150825043633-1,0.591237428000003,0,3,0.5912,148912.726,Waveform 1,40281.775,1,22,108630.95,
30.980131609,31.41119316,738496579.150825043633-1,0.4310615509999991,1,1,0.4311,144297.106,Waveform 1,35386.421,1,23,108910.685,
31.837543221,32.089584675,738496579.150825043633-1,0.2520414539999969,0,3,0.252,138982.149,Waveform 1,28812.659,1,24,110169.49,
32.629000005,32.885752513,738496579.150825043633-1,0.25675250799999816,0,4,0.2568,147793.787,Waveform 1,38183.766,1,25,109610.021,
33.30019194,33.502767314,738496579.150825043633-1,0.20257537400000558,0,4,0.2026,150748.15,Waveform 1,44198.059,1,26,106550.091,
38.322177657,38.873371116,738496579.150825043633-1,0.5511934590000038,1,1,0.5512,134523.546,Waveform 1,19861.153,1,27,114662.393,
39.859159664,40.685949853,738496579.150825043633-1,0.8267901889999933,0,3,0.8268,141656.777,Waveform 1,28812.659,1,28,112844.118,
41.366697413,42.154621397,738496579.150825043633-1,0.7879239840000025,0,3,0.7879,141237.175,Waveform 1,28393.057,1,29,112844.118,
42.396063235,42.81299162,738496579.150825043633-1,0.4169283849999985,0,3,0.4169,140258.104,Waveform 1,22798.366,1,30,117459.738,
42.974345261,43.11332139,738496579.150825043633-1,0.13897612899999956,0,3,0.139,142495.981,Waveform 1,35106.686,1,31,107389.295,
44.499549587,45.413494297,738496579.150825043633-1,0.9139447100000027,0,3,0.9139,143475.052,Waveform 1,33708.013,1,32,109767.038,
47.650068054,48.043441164,738496579.150825043633-1,0.39337310999999886,0,4,0.3934,141237.175,Waveform 1,30351.199,1,34,110885.977,
49.237693899,50.437835213,738496579.150825043633-1,1.2001413139999997,1,1,1.2001,145712.928,Waveform 1,36225.624,1,35,109487.304,
51.307025139,51.473089835,738496579.150825043633-1,0.1660646960000065,0,4,0.1661,148790.008,Waveform 1,38463.501,1,36,110326.507,
51.734553399,52.541321603,738496579.150825043633-1,0.8067682040000008,0,3,0.8068,144593.99,Waveform 1,35386.421,1,37,109207.569,
53.944038714,54.488165591,738496579.150825043633-1,0.5441268769999965,1,1,0.5441,139698.635,Waveform 1,27413.986,1,38,112284.649,
56.217123029,56.483297648,738496579.150825043633-1,0.2661746189999974,0,3,0.2662,149908.946,Waveform 1,41820.315,1,39,108088.631,
57.325398912,57.844792748,738496579.150825043633-1,0.5193938360000061,0,3,0.5194,150468.415,Waveform 1,42379.784,1,40,108088.631,
58.262899062,59.047289754,738496579.150825043633-1,0.7843906919999952,1,1,0.7844,142635.848,Waveform 1,34826.952,1,41,107808.896,
59.636171807,60.768002821,738496579.150825043633-1,1.1318310140000065,0,3,1.1318,140118.237,Waveform 1,24616.64,1,42,115501.597,
61.623059019,62.151874966,738496579.150825043633-1,0.5288159469999982,1,1,0.5288,144454.123,Waveform 1,37764.164,1,43,106689.958,
64.045719564,65.083329473,738496579.150825043633-1,1.037609909000011,0,4,1.0376,140677.706,Waveform 1,35106.686,1,44,105571.02,
65.440760163,65.841199856,738496579.150825043633-1,0.4004396930000098,0,4,0.4004,135913.644,Waveform 1,26854.517,1,45,109059.127,
66.528645608,66.818375503,738496579.150825043633-1,0.2897298949999936,0,3,0.2897,142067.804,Waveform 1,33288.412,1,46,108779.393,
67.082194595,67.230592834,738496579.150825043633-1,0.14839823900000226,0,4,0.1484,139969.795,Waveform 1,30211.331,1,47,109758.463,
67.562130672,68.706917088,738496579.150825043633-1,1.1447864160000023,0,2,1.1448,142627.273,Waveform 1,33708.013,1,48,108919.26,
69.686330336,70.158613621,738496579.150825043633-1,0.47228328500000316,0,3,0.4723,140249.529,Waveform 1,31470.137,1,49,108779.393,
72.329262424,73.298444106,738496579.150825043633-1,0.9691816819999985,0,4,0.384,140109.662,Waveform 1,32728.942,1,50,107380.72,
73.327888384,74.370209349,738496579.150825043633-1,1.0423209650000018,0,4,1.0423,141508.335,Waveform 1,34127.615,1,52,107380.72,
74.397298219,75.340687025,738496579.150825043633-1,0.9433888059999873,0,4,0.9434,141368.468,Waveform 1,33008.677,1,53,108359.791,
76.344764888,76.932469026,738496579.150825043633-1,0.5877041380000065,0,4,0.5877,142347.539,Waveform 1,31889.739,1,54,110457.8,
78.276159725,79.462167874,738496579.150825043633-1,1.1860081490000027,1,1,1.186,139969.795,Waveform 1,35526.288,1,55,104443.507,
83.012676882,83.20111909,738496579.150825043633-1,0.1884422080000121,0,4,0.1884,138291.388,Waveform 1,25176.11,1,56,113115.278,
83.646251212,84.157400702,738496579.150825043633-1,0.5111494900000082,0,3,0.5111,141788.07,Waveform 1,33148.544,1,57,108639.525,
84.194790695,85.22768955,738496579.150825043633-1,1.0328988549999991,0,2,1.0329,141228.6,Waveform 1,35666.155,1,58,105562.445,
85.25141274,86.011070392,738496579.150825043633-1,0.7596576519999871,0,4,0.7597,141788.07,Waveform 1,35106.686,1,59,106681.383,
86.037156374,86.945212266,738496579.150825043633-1,0.908055891999993,0,3,0.9081,141088.733,Waveform 1,34547.217,1,60,106541.516,
87.325324261,87.97544988,738496579.150825043633-1,0.6501256189999935,1,1,0.6501,137592.051,Waveform 1,29931.597,1,61,107660.454,
88.801112292,89.598458386,738496579.150825043633-1,0.7973460940000052,0,4,0.7973,142767.14,Waveform 1,34407.35,1,62,108359.791,
89.991114752,90.688350923,738496579.150825043633-1,0.6972361710000001,0,4,0.6972,139270.459,Waveform 1,30351.199,1,63,108919.26,
91.237176247,92.066321963,738496579.150825043633-1,0.8291457159999993,0,3,0.8291,141228.6,Waveform 1,32449.208,1,64,108779.393,
92.314830125,93.106044283,738496579.150825043633-1,0.7912141580000025,1,1-possibility to 2 in it,0.7912,147942.23,Waveform 1,40561.51,1,65,107380.72,
93.715757624,94.115019553,738496579.150825043633-1,0.3992619289999908,1,1,0.3993,148221.964,Waveform 1,38183.766,1,66,110038.198,
96.714855271,97.090561924,738496579.150825043633-1,0.3757066529999946,0,4,0.3757,149201.035,Waveform 1,39162.837,1,67,110038.198,
97.302316291,97.811110253,738496579.150825043633-1,0.5087939619999986,1,1,0.5088,142347.539,Waveform 1,32169.473,1,68,110178.065,
98.454212013,99.306913005,738496579.150825043633-1,0.8527009919999955,0,4,0.8527,143046.875,Waveform 1,34407.35,1,69,108639.525,
99.503712143,100.481256099,738496579.150825043633-1,0.9775439560000052,0,4,0.9775,142767.14,Waveform 1,32728.942,1,70,110038.198,
100.578704782,101.397250624,738496579.150825043633-1,0.8185458419999918,1,1,0.8185,139270.459,Waveform 1,30071.464,1,71,109198.994,
101.573261045,102.820512912,738496579.150825043633-1,1.2472518670000028,1,1,1.2473,143326.61,Waveform 1,36085.757,1,72,107240.852,
103.900391784,104.574072679,738496579.150825043633-1,0.6736808949999897,0,4,0.6737,140948.866,Waveform 1,35106.686,1,73,105842.18,
105.649832049,105.920717724,738496579.150825043633-1,0.2708856750000024,1,1,0.2709,137731.919,Waveform 1,18042.879,1,74,119689.04,
110.481692743,110.605357942,738496579.150825043633-1,0.12366519900000128,1,1,0.1237,141368.468,Waveform 1,28672.791,1,75,112695.676,
115.705553732,116.011772321,738496579.150825043633-1,0.30621858899999665,1,1,0.3062,133256.166,Waveform 1,20420.622,1,77,112835.544,
117.151604564,117.350646646,738496579.150825043633-1,0.1990420820000054,0,4,0.199,142347.539,Waveform 1,33708.013,1,78,108639.525,
118.011136286,118.127734902,738496579.150825043633-1,0.11659861600000454,0,4,0.1166,142487.406,Waveform 1,32728.942,1,79,109758.463,
118.575864093,118.877371626,738496579.150825043633-1,0.30150753299999167,0,2,0.3015,141368.468,Waveform 1,35386.421,1,80,105982.047,
1.956249436,2.179050358,738496579.150825043633-2,0.222800922,0,3,0.2228,139586.967,Waveform 1,33092.597,1,1,106494.37,
2.791029481,3.515855859,738496579.150825043633-2,0.7248263780000004,0,2,0.7248,140649.958,Waveform 1,35619.533,1,2,105030.426,
3.711168292,3.931075696,738496579.150825043633-2,0.2199074040000002,0,2,0.2199,149228.485,Waveform 1,41400.714,1,3,107827.771,
3.94120301,4.339061801,738496579.150825043633-2,0.39785879099999955,0,3,0.3979,142141.876,Waveform 1,33568.146,1,4,108573.73,
4.447568589,5.317070891,738496579.150825043633-2,0.8695023019999999,1,mix 1+2,0.8695,148482.526,Waveform 1,42146.672,1,5,106335.853,
5.952198249,6.154744542,738496579.150825043633-2,0.20254629300000015,0,3,0.2025,136547.185,Waveform 1,30397.821,1,6,106149.364,
7.328031826,7.45245312,738496579.150825043633-2,0.12442129400000024,1,1,0.1244,142701.345,Waveform 1,35992.512,1,7,106708.833,
7.971218795,8.965142391,738496579.150825043633-2,0.9939235960000001,1,1,0.9939,145125.711,Waveform 1,36179.002,1,8,108946.709,
9.919018393,10.766819307,738496579.150825043633-2,0.8478009140000005,1,1,0.8478,143447.304,Waveform 1,34127.615,1,9,109319.689,
10.772606332,11.28909938,738496579.150825043633-2,0.5164930479999992,1,1,0.5165,143074.324,Waveform 1,33568.146,1,10,109506.178,
11.763556581,12.735778802,738496579.150825043633-2,0.9722222210000009,1,1,0.9722,141209.427,Waveform 1,35433.043,1,11,105776.384,
12.737225653,13.349204811,738496579.150825043633-2,0.6119791580000005,1,1,0.612,143074.324,Waveform 1,37297.94,1,12,105776.384,
14.623799789,15.014424784,738496579.150825043633-2,0.3906249949999996,0,4,0.3906,141395.917,Waveform 1,33568.146,1,13,107827.771,
15.214077559,15.376114593,738496579.150825043633-2,0.1620370340000008,0,4,0.162,141209.427,Waveform 1,32822.187,1,14,108387.24,
15.701635433,15.901288207,738496579.150825043633-2,0.19965277400000048,1,1,0.1997,130393.025,Waveform 1,22938.233,1,15,107454.792,
15.927329874,16.410547459,738496579.150825043633-2,0.4832175850000002,0,2,0.4832,148296.036,Waveform 1,39722.306,1,16,108573.73,
16.661424309,17.45714189,738496579.150825043633-2,0.7957175809999981,0,4,0.7957,149228.485,Waveform 1,40468.265,1,17,108760.22,
19.566666488,19.934143335,738496579.150825043633-2,0.3674768470000025,0,4,0.3675,140836.448,Waveform 1,32822.187,1,18,108014.261,
20.397364796,20.6172722,738496579.150825043633-2,0.2199074039999971,0,4,0.2199,142141.876,Waveform 1,32076.228,1,20,110065.648,
22.725323728,23.63388853,738496579.150825043633-2,0.9085648020000008,0,3,0.9086,141395.917,Waveform 1,32262.718,1,21,109133.199,
24.63349392,24.830253176,738496579.150825043633-2,0.196759256,0,4,0.1968,144566.242,Waveform 1,34873.574,1,22,109692.668,
25.828747428,26.213585386,738496579.150825043633-2,0.38483795799999854,1,1,0.3848,140836.448,Waveform 1,31516.759,1,23,109319.689,
26.566825018,27.300331952,738496579.150825043633-2,0.7335069340000011,0,4,0.7335,142887.835,Waveform 1,33941.125,1,24,108946.709,
27.981135115,28.127257798,738496579.150825043633-2,0.14612268299999798,0,3,0.1461,141582.407,Waveform 1,33941.125,1,25,107641.281,
28.551984576,28.661938278,738496579.150825043633-2,0.1099537020000021,0,3,0.11,142701.345,Waveform 1,42146.672,1,26,100554.673,
29.208760648,29.482198144,738496579.150825043633-2,0.2734374960000032,0,3,0.2734,141955.386,Waveform 1,34687.084,1,27,107268.302,
31.505796131,32.148157233,738496579.150825043633-2,0.6423611019999989,0,2,0.6424,142701.345,Waveform 1,34687.084,1,28,108014.261,
33.519296747,33.700141652,738496579.150825043633-2,0.18084490500000072,0,4,0.1808,145685.18,Waveform 1,35433.043,1,29,110252.137,
33.908474982,34.199273589,738496579.150825043633-2,0.29079860699999927,0,3,0.2908,147177.098,Waveform 1,38416.878,1,30,108760.22,
34.75911316,34.906682602,738496579.150825043633-2,0.14756944199999822,0,4,0.1476,148669.016,Waveform 1,38603.368,1,31,110065.648,
35.359182622,35.636960396,738496579.150825043633-2,0.2777777740000005,0,3,0.2778,144193.263,Waveform 1,33381.656,1,32,110811.606,
36.2092548,36.868977013,738496579.150825043633-2,0.659722213000002,0,3,0.6597,149414.974,Waveform 1,40841.244,1,33,108573.73,
36.971050169,38.752265665,738496579.150825043633-2,1.7812154960000015,0,2,1.7812,149228.485,Waveform 1,40841.244,1,34,108387.24,
40.760213254,41.003268806,738496579.150825043633-2,0.24305555200000128,0,2,0.2431,146058.16,Waveform 1,37111.45,1,35,108946.709,
42.09375789,42.49161668,738496579.150825043633-2,0.3978587900000008,1,1,0.3979,146804.119,Waveform 1,38603.368,1,36,108200.75,
42.64786675,43.715575068,738496579.150825043633-2,1.067708318000001,0,4,1.0677,147923.057,Waveform 1,39162.837,1,37,108760.22,
45.823292718,46.383188543,738496579.150825043633-2,0.5598958250000052,0,2,0.5599,144193.263,Waveform 1,37484.43,1,38,106708.833,
47.002062243,47.297201128,738496579.150825043633-2,0.2951388850000001,0,2,0.2951,143260.814,Waveform 1,33754.636,1,39,109506.178,
50.174905892,50.717440606,738496579.150825043633-2,0.5425347139999985,0,3,0.5425,143074.324,Waveform 1,33381.656,1,40,109692.668,
53.929031995,55.056057442,738496579.150825043633-2,1.127025446999994,0,3,1.127,149414.974,Waveform 1,40841.244,1,41,108573.73,
55.200963743,55.470060962,738496579.150825043633-2,0.2690972189999954,0,2,0.2691,149228.485,Waveform 1,40095.286,1,42,109133.199,
57.334803881,57.936655724,738496579.150825043633-2,0.6018518429999986,0,2,0.6019,146244.649,Waveform 1,39535.817,1,43,106708.833,
58.265070071,58.619526085,738496579.150825043633-2,0.35445601400000015,0,3,0.3545,144752.732,Waveform 1,35246.553,1,44,109506.178,
58.854103332,59.087031569,738496579.150825043633-2,0.23292823699999587,1,1,0.2329,145312.201,Waveform 1,36179.002,1,45,109133.199,
59.506850254,60.509454406,738496579.150825043633-2,1.0026041520000035,0,3,1.0026,144939.222,Waveform 1,35806.023,1,46,109133.199,
60.51144267,61.189972753,738496579.150825043633-2,0.6785300829999983,0,3,0.6785,146804.119,Waveform 1,37857.409,1,47,108946.709,
61.973728016,62.652258099,738496579.150825043633-2,0.6785300829999983,0,4,0.6785,148296.036,Waveform 1,39908.796,1,48,108387.24,
62.657422881,63.969633511,738496579.150825043633-2,1.3122106299999956,0,4,1.3122,140463.469,Waveform 1,31703.249,1,49,108760.22,
68.498547689,68.83853611,738496579.150825043633-2,0.33998842100000104,0,3,0.34,144006.773,Waveform 1,34687.084,1,50,109319.689,
69.207976726,69.860465143,738496579.150825043633-2,0.6524884170000007,0,4,0.6525,145125.711,Waveform 1,39162.837,1,51,105962.874,
70.131833625,70.704750284,738496579.150825043633-2,0.5729166590000005,0,4,0.5729,145312.201,Waveform 1,38603.368,1,52,106708.833,
71.374264189,71.909565107,738496579.150825043633-2,0.5353009180000043,0,4,0.5353,141582.407,Waveform 1,33381.656,1,53,108200.75,
74.669226109,75.093126565,738496579.150825043633-2,0.4239004560000126,0,4,0.4239,141955.386,Waveform 1,35060.064,1,54,106895.323,
79.630728564,80.613078087,738496579.150825043633-2,0.9823495230000105,1,1,0.9823,143633.794,Waveform 1,35619.533,1,55,108014.261,
80.927534587,82.122557718,738496579.150825043633-2,1.1950231309999992,1,1,1.195,142328.366,Waveform 1,35433.043,1,56,106895.323,
83.11262992,83.562572043,738496579.150825043633-2,0.4499421229999996,0,4,0.4499,141582.407,Waveform 1,32076.228,1,57,109506.178,
86.298462642,87.289492721,738496579.150825043633-2,0.991030078999998,1,1 mixed with 2,0.991,146804.119,Waveform 1,37484.43,1,58,109319.689,
87.311424487,88.321262436,738496579.150825043633-2,1.0098379490000013,1,1 mixed with 2,1.0098,146990.608,Waveform 1,37297.94,1,59,109692.668,
88.354202276,88.872142083,738496579.150825043633-2,0.5179398070000047,1,1 mixed with 2,0.5179,148482.526,Waveform 1,38043.899,1,60,110438.627,
88.899630509,89.887767179,738496579.150825043633-2,0.9881366699999887,1,1,0.9881,143820.283,Waveform 1,31516.759,1,61,112303.524,
90.804313055,91.238340826,738496579.150825043633-2,0.4340277710000038,1,1,0.434,142887.835,Waveform 1,35992.512,1,62,106895.323,
92.855531854,93.087755865,738496579.150825043633-2,0.23222401099999956,0,4,0.2322,148296.036,Waveform 1,38789.858,1,63,109506.178,
94.897674613,95.587185556,738496579.150825043633-2,0.6895109429999877,0,4,0.6895,145312.201,Waveform 1,37111.45,1,64,108200.75,
98.500585299,98.686773714,738496579.150825043633-2,0.18618841500000372,0,2,0.1862,145498.691,Waveform 1,34687.084,1,65,110811.606,
99.099380791,99.211912251,738496579.150825043633-2,0.11253145999999958,0,2,0.1125,144379.752,Waveform 1,33381.656,1,66,110998.096,
99.797834506,99.980953881,738496579.150825043633-2,0.18311937500000397,0,2,0.1831,141022.938,Waveform 1,30397.821,1,67,110625.117,
100.90630201,101.218321056,738496579.150825043633-2,0.312019045999989,0,2,0.312,140649.958,Waveform 1,32076.228,1,68,108573.73,
102.42683656,103.21251075,738496579.150825043633-2,0.7856741900000088,1,1 mixed with 2,0.7857,150720.402,Waveform 1,42706.141,1,69,108014.261,
103.296190538,103.622531771,738496579.150825043633-2,0.32634123299999374,0,2,0.3263,142701.345,Waveform 1,35992.512,1,70,106708.833,
103.854755783,104.198488241,738496579.150825043633-2,0.3437324580000052,1,1 mixed with 2,0.3437,148296.036,Waveform 1,38416.878,1,71,109879.158,
104.40124904,104.703037954,738496579.150825043633-2,0.3017889139999994,0,4,0.3018,147177.098,Waveform 1,37111.45,1,72,110065.648,
107.456371876,107.918773873,738496579.150825043633-2,0.4624019970000006,0,4,0.4624,145871.67,Waveform 1,36551.981,1,73,109319.689,
108.172073795,109.277672328,738496579.150825043633-2,1.1055985329999913,0,3,1.1056,145685.18,Waveform 1,36924.961,1,74,108760.22,
112.678985121,113.345989771,738496579.150825043633-2,0.6670046500000097,0,4,0.667,142328.366,Waveform 1,36179.002,1,75,106149.364,
113.433150072,114.105269789,738496579.150825043633-2,0.6721197170000011,0,4,0.6721,143074.324,Waveform 1,34314.105,1,76,108760.22,
116.839094948,117.80072742,738496579.150825043633-2,0.9616324720000051,0,2,0.9616,146617.629,Waveform 1,38603.368,1,77,108014.261,
117.825419632,118.297028749,738496579.150825043633-2,0.47160911699999986,1,1,0.4716,141768.897,Waveform 1,34127.615,1,78,107641.281,
118.302143815,119.285258677,738496579.150825043633-2,0.9831148620000079,0,4,0.9831,139904.0,Waveform 1,34500.595,1,79,105403.405,
119.297533891,119.737429596,738496579.150825043633-2,0.43989570499999786,1,1 mixed with 2,0.4399,140276.979,Waveform 1,34873.574,1,80,105403.405,
0.023529305,0.619946041,738496579.150825043633-3,0.5964167359999999,0,2,0.5964,149280.296,Waveform 1,40477.491,1,1,108802.805,
1.031400982,2.059529316,738496579.150825043633-3,1.0281283339999998,1,1 mixed with 2,1.0281,142264.197,Waveform 1,35440.292,1,2,106823.906,
2.085308255,2.422902634,738496579.150825043633-3,0.337594379,1,1 mixed with 2,0.3376,141004.898,Waveform 1,34180.992,1,3,106823.906,
2.602952969,2.80039453,738496579.150825043633-3,0.1974415610000002,0,2,0.1974,143883.297,Waveform 1,34900.592,1,4,108982.705,
3.07271978,3.241516969,738496579.150825043633-3,0.16879718900000018,0,2,0.1688,148020.996,Waveform 1,37239.291,1,5,110781.705,
3.481924253,4.139721784,738496579.150825043633-3,0.6577975309999999,0,4,0.6578,148380.796,Waveform 1,39577.991,1,6,108802.805,
6.728963609,7.009269245,738496579.150825043633-3,0.2803056359999996,0,2,0.2803,141364.698,Waveform 1,31482.493,1,7,109882.205,
7.372437729,7.78266605,738496579.150825043633-3,0.41022832099999995,0,4,0.4102,146941.596,Waveform 1,38498.591,1,8,108443.005,
8.834800752,8.97495357,738496579.150825043633-3,0.14015281800000068,0,4,0.1402,142444.097,Waveform 1,33821.192,1,9,108622.905,
9.578804369,9.820235501,738496579.150825043633-3,0.24143113200000066,0,4,0.2414,143703.397,Waveform 1,34001.092,1,10,109702.305,
11.357343602,11.891356528,738496579.150825043633-3,0.534012925999999,0,4,0.534,145142.597,Waveform 1,34540.792,1,13,110601.805,
16.231994282,16.521507037,738496579.150825043633-3,0.2895127550000005,0,2,0.2895,140824.998,Waveform 1,34540.792,1,14,106284.206,
16.584933859,16.736339823,738496579.150825043633-3,0.15140596400000206,0,3,0.1514,137586.798,Waveform 1,27164.894,1,15,110421.905,
17.292656871,17.495213498,738496579.150825043633-3,0.20255662699999988,1,1 mixed with 2,0.2026,145862.197,Waveform 1,35979.992,1,16,109882.205,
17.718229417,18.339198471,738496579.150825043633-3,0.6209690539999997,1,1 mixed with 2,0.621,147481.296,Waveform 1,41556.89,1,17,105924.406,
18.376026602,19.221035561,738496579.150825043633-3,0.8450089590000012,0,4,0.845,145142.597,Waveform 1,34180.992,1,18,110961.605,
19.408926913,20.380789518,738496579.150825043633-3,0.9718626050000019,1,1 mixed with 2,0.9719,148020.996,Waveform 1,38498.591,1,19,109522.405,
21.091712717,21.19299103,738496579.150825043633-3,0.10127831300000167,0,4,0.1013,149460.196,Waveform 1,39577.991,1,20,109882.205,
21.680967192,22.492216714,738496579.150825043633-3,0.8112495220000007,0,3,0.8112,149460.196,Waveform 1,43355.89,1,21,106104.306,
25.006030909,25.235185881,738496579.150825043633-3,0.2291549719999999,0,3,0.2292,142983.797,Waveform 1,32921.692,1,22,110062.105,
25.826076565,26.435792473,738496579.150825043633-3,0.6097159079999983,0,2,0.6097,142084.297,Waveform 1,32381.993,1,23,109702.305,
27.953124003,28.78176475,738496579.150825043633-3,0.8286407470000015,0,4,0.8286,142084.297,Waveform 1,33821.192,1,24,108263.105,
29.437992494,30.1786541,738496579.150825043633-3,0.7406616059999998,1,1 mixed with 2,0.7407,148200.896,Waveform 1,39577.991,1,25,108622.905,
30.222368476,30.716483885,738496579.150825043633-3,0.49411540899999906,0,4,0.4941,145322.497,Waveform 1,37239.291,1,26,108083.205,
31.10754702,31.246676825,738496579.150825043633-3,0.13912980500000316,1,1,0.1391,141904.397,Waveform 1,34540.792,1,27,107363.605,
31.533396223,32.081731334,738496579.150825043633-3,0.5483351109999965,1,1,0.5483,144602.897,Waveform 1,35260.392,1,28,109342.505,
32.082753455,32.878657778,738496579.150825043633-3,0.7959043229999949,0,4,0.7959,144422.997,Waveform 1,37059.391,1,29,107363.605,
32.929326839,33.866406993,738496579.150825043633-3,0.9370801540000002,1,1 mixed with 2,0.9371,141364.698,Waveform 1,34900.592,1,30,106464.106,
34.815624388,35.470352741,738496579.150825043633-3,0.6547283529999959,1,1 mixed with 2,0.6547,148740.596,Waveform 1,40477.491,1,31,108263.105,
35.569309972,36.102299885,738496579.150825043633-3,0.5329899130000015,1,1 mixed with 2,0.533,141004.898,Waveform 1,33101.592,1,32,107903.305,
36.269802482,37.033993393,738496579.150825043633-3,0.764190911,1,1 mixed with 2,0.7642,141364.698,Waveform 1,33821.192,1,33,107543.505,
43.583791681,44.202714708,738496579.150825043633-3,0.618923027000001,0,4,0.6189,149819.996,Waveform 1,39218.191,1,34,110601.805,
44.668733495,45.932154881,738496579.150825043633-3,1.2634213860000045,0,3,1.2634,149460.196,Waveform 1,39577.991,1,35,109882.205,
46.374776537,46.563010978,738496579.150825043633-3,0.18823444099999875,0,3,0.1882,141724.497,Waveform 1,30403.093,1,36,111321.404,
47.894763826,48.496295627,738496579.150825043633-3,0.6015318010000001,0,3,0.6015,141724.497,Waveform 1,31842.293,1,37,109882.205,
49.051384464,49.817621401,738496579.150825043633-3,0.7662369369999951,0,4,0.7662,141184.798,Waveform 1,32381.993,1,38,108802.805,
51.861599272,52.756735881,738496579.150825043633-3,0.8951366089999979,1,1,0.8951,144063.197,Waveform 1,37958.891,1,39,106104.306,
52.969179552,53.867385201,738496579.150825043633-3,0.8982056489999977,0,3,0.8982,143343.597,Waveform 1,34540.792,1,40,108802.805,
53.964636229,54.822944361,738496579.150825043633-3,0.8583081319999977,0,2,0.8583,145322.497,Waveform 1,35979.992,1,41,109342.505,
54.823220044,55.802243741,738496579.150825043633-3,0.9790236969999953,1,1 mixed with 2,0.979,144602.897,Waveform 1,35080.492,1,42,109522.405,
55.871941305,56.906207275,738496579.150825043633-3,1.0342659699999999,0,2,1.0343,143703.397,Waveform 1,34360.892,1,43,109342.505,
56.994323138,57.477185401,738496579.150825043633-3,0.48286226300000124,0,4,0.4829,143343.597,Waveform 1,33641.292,1,44,109702.305,
59.785100694,60.437783159,738496579.150825043633-3,0.652682464999998,0,3,0.6527,144063.197,Waveform 1,36159.892,1,45,107903.305,
61.588598448,62.003941835,738496579.150825043633-3,0.41534338700000006,0,3,0.4153,139925.498,Waveform 1,30223.193,1,46,109702.305,
62.929772946,63.423888355,738496579.150825043633-3,0.4941154090000026,0,4,0.4941,143163.697,Waveform 1,34360.892,1,47,108802.805,
64.30729294,64.875065303,738496579.150825043633-3,0.5677723630000031,0,4,0.5678,142444.097,Waveform 1,33641.292,1,48,108802.805,
65.223498228,65.707383504,738496579.150825043633-3,0.4838852760000094,0,4,0.4839,140285.298,Waveform 1,31122.693,1,49,109162.605,
68.938804583,69.609901287,738496579.150825043633-3,0.6710967039999929,0,2,0.6711,149460.196,Waveform 1,39937.791,1,50,109522.405,
69.826437011,70.585512856,738496579.150825043633-3,0.7590758449999981,0,2,0.7591,149280.296,Waveform 1,40297.591,1,51,108982.705,
70.775528976,71.428211441,738496579.150825043633-3,0.652682464999998,0,4,0.6527,149819.996,Waveform 1,41197.09,1,52,108622.905,
71.99407044,72.090233688,738496579.150825043633-3,0.09616324799999632,1,1,0.0962,146221.996,Waveform 1,38678.491,1,53,107543.505,
72.507820042,73.501165925,738496579.150825043633-3,0.9933458829999893,1,1 mixed with 2,0.9933,146581.796,Waveform 1,36339.792,1,54,110242.005,
73.527421181,74.21284007,738496579.150825043633-3,0.6854188890000046,1,1 mixed with 2,0.6854,147301.396,Waveform 1,37599.091,1,55,109702.305,
74.612495169,75.131162896,738496579.150825043633-3,0.5186677270000075,1,1 mixed with 2,0.5187,148200.896,Waveform 1,38498.591,1,56,109702.305,
75.666750201,76.692832509,738496579.150825043633-3,1.0260823079999994,1,1,1.0261,149280.296,Waveform 1,40477.491,1,57,108802.805,
76.742069807,77.148206075,738496579.150825043633-3,0.40613626800001157,1,1,0.4061,147121.496,Waveform 1,38498.591,1,58,108622.905,
77.198333725,77.382476113,738496579.150825043633-3,0.18414238799999794,1,1,0.1841,141364.698,Waveform 1,31662.393,1,59,109702.305,
79.733354348,79.852023887,738496579.150825043633-3,0.11866953899999544,0,4,0.1187,141184.798,Waveform 1,31122.693,1,60,110062.105,
82.238367625,83.222505552,738496579.150825043633-3,0.9841379270000061,1,1,0.9841,149460.196,Waveform 1,40477.491,1,61,108982.705,
83.717101653,83.942164572,738496579.150825043633-3,0.22506291899999553,0,4,0.2251,144962.697,Waveform 1,36699.592,1,62,108263.105,
84.848146959,85.650189361,738496579.150825043633-3,0.8020424019999979,1,1,0.802,141904.397,Waveform 1,35440.292,1,63,106464.106,
85.794155421,86.312822143,738496579.150825043633-3,0.5186667220000061,1,1,0.5187,144782.797,Waveform 1,37599.091,1,64,107183.705,
86.342489528,86.994148979,738496579.150825043633-3,0.6516594510000004,1,1,0.6517,145142.597,Waveform 1,38858.391,1,65,106284.206,
89.444471911,89.605084994,738496579.150825043633-3,0.1606130830000012,0,4,0.1606,148560.696,Waveform 1,41017.191,1,66,107543.505,
89.998190088,91.039617595,738496579.150825043633-3,1.0414275069999945,1,1,1.0414,145682.297,Waveform 1,36159.892,1,67,109522.405,
91.25861127,91.921523867,738496579.150825043633-3,0.6629125970000018,0,3,0.6629,147661.196,Waveform 1,38678.491,1,68,108982.705,
93.408710453,93.676739929,738496579.150825043633-3,0.26802947599999527,0,4,0.268,144962.697,Waveform 1,37778.991,1,69,107183.705,
94.088266946,94.436091457,738496579.150825043633-3,0.3478245109999989,0,4,0.3478,143703.397,Waveform 1,36159.892,1,70,107543.505,
95.6759089,96.284601794,738496579.150825043633-3,0.6086928940000007,0,4,0.6087,144063.197,Waveform 1,37599.091,1,71,106464.106,
96.716589076,96.936536929,738496579.150825043633-3,0.21994785299999364,0,3,0.2199,141544.598,Waveform 1,33461.392,1,72,108083.205,
97.912076987,98.096219375,738496579.150825043633-3,0.18414238799999794,0,4,0.1841,140465.198,Waveform 1,32202.093,1,73,108263.105,
98.862041713,99.270224007,738496579.150825043633-3,0.4081822939999995,1,1,0.4082,147661.196,Waveform 1,39218.191,1,74,108443.005,
101.238574022,101.67949274,738496579.150825043633-3,0.44091871800000604,0,4,0.4409,143703.397,Waveform 1,43355.89,1,75,100347.507,
102.632526506,103.103112609,738496579.150825043633-3,0.47058610299998804,0,4,0.4706,146401.896,Waveform 1,36879.491,1,76,109522.405,
103.676615684,103.90679367,738496579.150825043633-3,0.23017798600000106,1,1 mixed with 2,0.2302,143343.597,Waveform 1,33281.492,1,77,110062.105,
104.097074138,105.105764637,738496579.150825043633-3,1.0086904989999965,1,1,1.0087,147121.496,Waveform 1,39218.191,1,78,107903.305,
105.124659314,105.794733005,738496579.150825043633-3,0.6700736909999989,1,1 mixed with 2,0.6701,147661.196,Waveform 1,40297.591,1,79,107363.605,
105.86504211,106.251741125,738496579.150825043633-3,0.3866990149999907,0,4,0.3867,145322.497,Waveform 1,39398.091,1,80,105924.406,
109.85076393,110.746923553,738496579.150825043633-3,0.8961596230000026,0,2,0.8962,149280.296,Waveform 1,39218.191,1,81,110062.105,
116.258230712,117.276128913,738496579.150825043633-3,1.0178982009999942,1,1,1.0179,143703.397,Waveform 1,36699.592,1,83,107003.805,
117.288403348,118.304255384,738496579.150825043633-3,1.0158520359999983,1,1,1.0159,141544.598,Waveform 1,35800.092,1,84,105744.506,
118.313189661,119.621352052,738496579.150825043633-3,1.3081623910000104,1,1,0.9933,140465.197,Waveform 1,35260.392,1,85,105204.805,
0.916031998,1.167202062,738496579.150825043633-4,0.2511700640000001,0,2,0.2512,149638.208,Waveform 1,41488.5,1,1,108149.708,
1.645675538,2.028681473,738496579.150825043633-4,0.3830059349999997,0,3,0.383,142526.993,Waveform 1,35328.905,1,2,107198.087,
2.250301872,2.52647529,738496579.150825043633-4,0.27617341799999995,0,2,0.2762,144906.043,Waveform 1,34615.19,1,3,110290.854,
2.985928813,3.20413991,738496579.150825043633-4,0.21821109699999974,0,4,0.2182,147248.584,Waveform 1,37553.671,1,4,109694.913,
4.837811695,5.069660984,738496579.150825043633-4,0.23184928900000035,0,3,0.2318,143341.994,Waveform 1,31882.815,1,5,111459.18,
5.342424855,5.607233112,738496579.150825043633-4,0.2648082570000003,0,3,0.2648,141073.652,Waveform 1,30874.662,1,6,110198.989,
8.015073472,8.867460567,738496579.150825043633-4,0.852387095000001,1,1,0.8524,142585.88,Waveform 1,35033.29,1,7,107552.59,
8.870870244,9.816451661,738496579.150825043633-4,0.9455814169999996,1,1,0.9456,142963.937,Waveform 1,34529.214,1,8,108434.723,
10.87000227,11.023431947,738496579.150825043633-4,0.1534296770000001,0,3,0.1534,144476.165,Waveform 1,33143.005,1,9,111333.16,
11.969013599,12.35883863,738496579.150825043633-4,0.3898250309999991,0,3,0.3898,145736.356,Waveform 1,37553.671,1,10,108182.685,
13.331696663,13.513539243,738496579.150825043633-4,0.18184257999999964,0,4,0.1818,149390.908,Waveform 1,38939.88,1,11,110451.027,
13.682880146,14.526175113,738496579.150825043633-4,0.8432949670000003,1,1 mixed with 2,0.8433,149264.889,Waveform 1,40578.128,1,12,108686.761,
15.54903992,16.087748564,738496579.150825043633-4,0.5387086440000015,0,3,0.5387,143720.051,Waveform 1,35789.405,1,13,107930.647,
17.9831793,18.763965879,738496579.150825043633-4,0.7807865790000008,1,1,0.7808,142585.88,Waveform 1,36041.443,1,14,106544.437,
19.156064129,20.202795482,738496579.150825043633-4,1.0467313529999984,1,1 mixed with 2,1.0467,144098.108,Waveform 1,35537.367,1,15,108560.742,
22.059863358,22.242842455,738496579.150825043633-4,0.18297909700000048,1,1,0.183,148382.755,Waveform 1,32890.967,1,16,115491.788,
24.090818177,24.286298951,738496579.150825043633-4,0.19548077399999997,0,4,0.1955,142837.918,Waveform 1,31882.815,1,17,110955.103,
25.12732117,25.854691491,738496579.150825043633-4,0.7273703210000022,1,1 mixed with 2,0.7274,143594.032,Waveform 1,33143.005,1,18,110451.027,
26.734370825,27.043503211,738496579.150825043633-4,0.3091323860000017,0,4,0.3091,149012.851,Waveform 1,39695.995,1,19,109316.856,
27.179885147,27.711774694,738496579.150825043633-4,0.5318895469999987,0,3,0.5319,149264.889,Waveform 1,40704.147,1,20,108560.742,
29.808159707,30.601447963,738496579.150825043633-4,0.7932882559999967,1,1,0.7933,144728.204,Waveform 1,30244.567,1,21,114483.636,
31.139020147,31.459517695,738496579.150825043633-4,0.32049754799999874,0,2,0.3205,143846.07,Waveform 1,33395.043,1,22,110451.027,
31.669773178,32.688091733,738496579.150825043633-4,1.0183185550000005,0,2,1.0183,146870.527,Waveform 1,38183.766,1,23,108686.761,
32.914258611,33.079053449,738496579.150825043633-4,0.16479483799999883,0,2,0.1648,142333.842,Waveform 1,26337.977,1,24,115995.865,
34.246857998,35.1208389,738496579.150825043633-4,0.8739809019999996,1,1 mixed with 2,0.874,149516.927,Waveform 1,40200.071,1,25,109316.856,
38.906575085,39.470287084,738496579.150825043633-4,0.5637119989999988,1,1,0.5637,143468.013,Waveform 1,34655.233,1,26,108812.78,
42.274483076,43.229156622,738496579.150825043633-4,0.9546735459999951,1,1 mixed with 2,0.9547,146618.489,Waveform 1,37175.614,1,27,109442.875,
43.280299994,43.590568896,738496579.150825043633-4,0.3102689019999971,0,4,0.3103,144476.165,Waveform 1,35159.309,1,28,109316.856,
44.47962761,45.299055738,738496579.150825043633-4,0.8194281279999984,1,1 mixed with 2,0.8194,145610.337,Waveform 1,35789.405,1,29,109820.932,
45.709338224,46.0741599,738496579.150825043633-4,0.36482167599999826,1,1 mixed with 2,0.3648,143341.994,Waveform 1,33773.1,1,30,109568.894,
46.645827814,47.200447684,738496579.150825043633-4,0.5546198699999962,0,3,0.5546,145232.28,Waveform 1,28984.377,1,31,116247.903,
47.225451039,48.171032457,738496579.150825043633-4,0.9455814180000033,1,1 mixed with 2,0.9456,149642.946,Waveform 1,42846.47,1,32,106796.475,
49.310470213,50.027611889,738496579.150825043633-4,0.7171416759999971,0,3,0.7171,143215.975,Waveform 1,32890.967,1,33,110325.008,
50.12421576,50.450395888,738496579.150825043633-4,0.3261801280000043,0,4,0.3262,145736.356,Waveform 1,36293.481,1,34,109442.875,
50.926551528,51.360700688,738496579.150825043633-4,0.43414916000000403,0,4,0.4341,144602.184,Waveform 1,31882.815,1,35,112719.37,
51.403888301,51.693699913,738496579.150825043633-4,0.28981161200000116,0,3,0.2898,141073.652,Waveform 1,28354.282,1,36,112719.37,
52.233744785,52.414450849,738496579.150825043633-4,0.1807060639999989,1,1,0.1807,141199.671,Waveform 1,34277.176,1,37,106922.494,
52.906562332,53.495277686,738496579.150825043633-4,0.5887153540000014,1,1,0.5887,143089.956,Waveform 1,30622.624,1,38,112467.332,
53.82373119,54.424948221,738496579.150825043633-4,0.6012170310000045,1,1,0.6012,142837.918,Waveform 1,31882.815,1,39,110955.103,
54.759083963,55.048895575,738496579.150825043633-4,0.28981161200000116,0,4,0.2898,147122.565,Waveform 1,39065.899,1,40,108056.666,
55.250458009,55.799395299,738496579.150825043633-4,0.5489372899999978,0,4,0.5489,145988.394,Waveform 1,37931.728,1,41,108056.666,
56.953158879,57.165687395,738496579.150825043633-4,0.212528515999999,1,1 mixed with 2?,0.2125,149138.87,Waveform 1,41586.28,1,42,107552.59,
59.160130353,59.61587332,738496579.150825043633-4,0.45574296699999906,0,3,0.4557,140569.576,Waveform 1,28102.244,1,43,112467.332,
60.120441863,60.99555928,738496579.150825043633-4,0.8751174169999985,1,1,0.8751,147374.603,Waveform 1,39191.918,1,44,108182.685,
61.023972183,62.157178618,738496579.150825043633-4,1.1332064350000053,1,1 mixed with 2,1.1332,144098.108,Waveform 1,36293.481,1,45,107804.628,
62.518992222,62.759933641,738496579.150825043633-4,0.2409414190000021,0,2,0.2409,149138.87,Waveform 1,40200.071,1,46,108938.799,
63.385606025,64.415289636,738496579.150825043633-4,1.0296836109999958,1,1,1.0297,144098.108,Waveform 1,35915.424,1,47,108182.685,
64.970807003,66.025493969,738496579.150825043633-4,1.0546869659999913,1,1 mixed with 2,1.0547,145106.261,Waveform 1,35411.348,1,48,109694.913,
66.056768419,66.744360676,738496579.150825043633-4,0.6875922570000057,1,1 mixed with 2,0.6876,146114.413,Waveform 1,37049.595,1,49,109064.818,
66.910643578,67.832358157,738496579.150825043633-4,0.9217145789999961,0,4,0.9217,142837.918,Waveform 1,32890.967,1,50,109946.951,
67.870264664,69.002234727,738496579.150825043633-4,1.1319700629999971,1,1 mixed with 2,1.132,144224.127,Waveform 1,33269.024,1,51,110955.103,
69.012563228,70.113847355,738496579.150825043633-4,1.1012841269999996,1,1 mixed with 2,1.1013,146492.47,Waveform 1,36671.538,1,52,109820.932,
71.410415802,71.790012188,738496579.150825043633-4,0.3795963860000029,0,4,0.3796,144980.242,Waveform 1,34277.176,1,53,110703.065,
72.303025003,73.336118162,738496579.150825043633-4,1.0330931590000034,1,1,1.0331,148004.698,Waveform 1,39822.014,1,54,108182.685,
73.349223079,74.431186432,738496579.150825043633-4,1.0819633530000061,1,1,1.082,145610.337,Waveform 1,38057.747,1,55,107552.59,
74.462712574,75.041199282,738496579.150825043633-4,0.5784867079999998,1,1,0.5785,145358.299,Waveform 1,37175.614,1,56,108182.685,
75.07415825,75.377608056,738496579.150825043633-4,0.30344980600000326,0,4,0.3034,148886.832,Waveform 1,39948.033,1,57,108938.799,
75.548085475,76.243633491,738496579.150825043633-4,0.6955480160000036,1,1,0.6955,146870.527,Waveform 1,38309.785,1,58,108560.742,
77.827149805,77.939664901,738496579.150825043633-4,0.11251509599999565,0,4,0.1125,148130.717,Waveform 1,39191.918,1,59,108938.799,
78.560992985,78.703057501,738496579.150825043633-4,0.14206451600000491,0,3,0.1421,142585.88,Waveform 1,36041.443,1,60,106544.437,
79.159936984,79.297455436,738496579.150825043633-4,0.137518452000009,0,4,0.1375,148130.717,Waveform 1,40200.071,1,61,107930.647,
81.709347679,81.880961614,738496579.150825043633-4,0.17161393499999633,0,4,0.1716,144350.146,Waveform 1,35033.29,1,62,109316.856,
82.154862001,82.404895549,738496579.150825043633-4,0.25003354800000466,0,4,0.25,147248.584,Waveform 1,38057.747,1,63,109190.837,
83.541905645,83.921502031,738496579.150825043633-4,0.3795963860000029,0,4,0.3796,143972.089,Waveform 1,34655.233,1,64,109316.856,
84.063566547,85.135301389,738496579.150825043633-4,1.0717348420000121,1,1,1.0717,147122.565,Waveform 1,38813.861,1,65,108308.704,
85.13808298,86.095029559,738496579.150825043633-4,0.9569465790000038,1,1,0.9569,147500.622,Waveform 1,39948.033,1,66,107552.59,
86.100712361,87.107665649,738496579.150825043633-4,1.0069532879999912,1,1,1.007,148508.774,Waveform 1,40956.185,1,67,107552.59,
87.122682415,87.625022543,738496579.150825043633-4,0.5023401280000002,1,1,0.5023,147878.679,Waveform 1,41460.261,1,68,106418.418,
88.447326942,88.946257522,738496579.150825043633-4,0.4989305799999926,1,1,0.4989,144980.242,Waveform 1,38309.785,1,69,106670.456,
89.037178952,89.931617144,738496579.150825043633-4,0.8944381919999955,1,1 mixed with 2,0.8944,147500.622,Waveform 1,41838.318,1,70,105662.304,
89.994125758,91.002215563,738496579.150825043633-4,1.0080898049999973,1,1 mixed with 2,1.0081,145358.299,Waveform 1,39191.918,1,71,106166.38,
91.023071909,92.360751391,738496579.150825043633-4,1.3376794819999986,1,1,1.3377,146114.413,Waveform 1,40452.109,1,72,105662.304,
95.642228255,96.458246834,738496579.150825043633-4,0.8160185789999872,0,3,0.816,148886.832,Waveform 1,39569.976,1,73,109316.856,
96.895165048,97.09405537,738496579.150825043633-4,0.1988903220000111,0,4,0.1989,147626.641,Waveform 1,38309.785,1,74,109316.856,
100.512604592,102.151610631,738496579.150825043633-4,1.6390060389999945,1,1 mixed with 2,1.0058,148508.774,Waveform 1,40578.128,1,75,107930.647,
102.197811627,102.960513804,738496579.150825043633-4,0.7627021770000084,1,1 mixed with 2,0.7627,149390.908,Waveform 1,40578.128,1,77,108812.78,
104.79307177,105.236313059,738496579.150825043633-4,0.4432412889999995,1,1,0.4432,145106.261,Waveform 1,34781.252,1,78,110325.008,
105.292002349,106.018236154,738496579.150825043633-4,0.7262338049999926,1,1 mixed with 2,0.7262,147248.584,Waveform 1,37805.709,1,79,109442.875,
106.389386217,106.771255635,738496579.150825043633-4,0.38186941800000795,1,1,0.3819,143089.956,Waveform 1,31126.7,1,80,111963.256,
107.061067248,107.312237312,738496579.150825043633-4,0.251170063999993,0,2,0.2512,144602.184,Waveform 1,34151.157,1,81,110451.027,
107.580216098,108.190525259,738496579.150825043633-4,0.6103091610000035,0,3,0.6103,144098.108,Waveform 1,33269.024,1,82,110829.084,
108.343954936,109.310783922,738496579.150825043633-4,0.9668289859999959,1,1 mixed with 2,0.9668,144350.146,Waveform 1,35537.367,1,83,108812.78,
109.327737118,110.231267439,738496579.150825043633-4,0.9035303210000052,0,3,0.9035,143468.013,Waveform 1,36293.481,1,84,107174.532,
111.67647517,111.961740717,738496579.150825043633-4,0.2852655469999945,0,4,0.2853,146366.451,Waveform 1,36293.481,1,85,110072.97,
112.623594579,112.899767998,738496579.150825043633-4,0.2761734190000027,0,4,0.2762,143341.994,Waveform 1,32764.948,1,86,110577.046,
113.905086697,114.358556631,738496579.150825043633-4,0.45346993399999747,0,3,0.4535,143468.013,Waveform 1,33521.062,1,87,109946.951,
114.566539083,115.205261146,738496579.150825043633-4,0.638722063000003,0,3,0.6387,149390.908,Waveform 1,42468.413,1,88,106922.494,
116.514144231,116.708488489,738496579.150825043633-4,0.194344258000001,0,4,0.1943,144098.108,Waveform 1,36167.462,1,89,107930.647,
117.570800557,117.958352557,738496579.150825043633-4,0.38755199999999945,1,1 mixed with 2,0.3876,146114.413,Waveform 1,36923.576,1,90,109190.837,
118.304205007,118.658798038,738496579.150825043633-4,0.3545930310000074,1,1 mixed with 2,0.3546,145862.375,Waveform 1,36671.538,1,92,109190.837,
120.295832664,121.13442973,738496579.150825043633-4,0.8385970659999913,0,3,0.8386,144728.204,Waveform 1,36041.443,1,93,108686.761,
121.324227923,121.466292439,738496579.150825043633-4,0.14206451600000491,0,3,0.1421,149264.889,Waveform 1,40704.147,1,94,108560.742,
