,channel,begin_time,end_time,filename,call_length,label
0,2,3.815648932,4.790005049,210922-112437,0.9743561170000001,1
1,2,3.815648932,4.790005049,210922-112437,0.9743561170000001,1
2,2,776.537727963,777.332597427,210922-112437,0.794869464000044,1
3,2,776.537727963,777.332597427,210922-112437,0.794869464000044,1
4,2,780.663882042,781.522853881,210922-112437,0.8589718389999916,1
5,2,780.663882042,781.522853881,210922-112437,0.8589718389999916,1
6,2,796.741575469,797.831315863,210922-112437,1.0897403939999322,1
7,2,796.741575469,797.831315863,210922-112437,1.0897403939999322,1
8,2,807.343876025,808.228488815,210922-112437,0.8846127900000056,1
9,2,807.343876025,808.228488815,210922-112437,0.8846127900000056,1
14,2,811.146695308,811.774898594,210922-112437,0.62820328600003,1
15,2,811.146695308,811.774898594,210922-112437,0.62820328600003,1
18,2,816.043913726,816.89006509,210922-112437,0.8461513639999794,1
19,2,816.043913726,816.89006509,210922-112437,0.8461513639999794,1
20,2,819.422631461,820.204680449,210922-112437,0.7820489879999286,1
21,2,819.422631461,820.204680449,210922-112437,0.7820489879999286,1
22,2,821.079042084,822.386730557,210922-112437,1.3076884729999847,1
23,2,821.079042084,822.386730557,210922-112437,1.3076884729999847,1
24,2,830.953661521,832.043401915,210922-112437,1.0897403940000459,1
25,2,830.953661521,832.043401915,210922-112437,1.0897403940000459,1
26,2,835.722878304,836.684413945,210922-112437,0.9615356409999549,1
27,2,835.722878304,836.684413945,210922-112437,0.9615356409999549,1
28,2,840.36263706,841.170326999,210922-112437,0.8076899390000563,1
29,2,840.36263706,841.170326999,210922-112437,0.8076899390000563,1
34,2,843.548271386,844.458525127,210922-112437,0.9102537410000195,1
35,2,843.548271386,844.458525127,210922-112437,0.9102537410000195,1
40,2,846.976730063,847.600070704,210922-112437,0.6233406410000271,1
41,2,846.976730063,847.600070704,210922-112437,0.6233406410000271,1
44,2,851.365311504,852.031976215,210922-112437,0.6666647109999531,1
45,2,851.365311504,852.031976215,210922-112437,0.6666647109999531,1
50,2,854.404428656,855.340323348,210922-112437,0.9358946919999198,1
51,2,854.404428656,855.340323348,210922-112437,0.9358946919999198,1
52,2,977.969468709,979.111714774,210922-112437,1.1422460649999948,1
53,2,977.969468709,979.111714774,210922-112437,1.1422460649999948,1
54,2,1018.283335217,1019.171748824,210922-112437,0.888413607000075,1
55,2,1018.283335217,1019.171748824,210922-112437,0.888413607000075,1
56,2,1023.238848377,1024.145392874,210922-112437,0.9065444970000271,1
57,2,1023.238848377,1024.145392874,210922-112437,0.9065444970000271,1
62,2,1026.814641215,1027.666793041,210922-112437,0.8521518259999539,1
63,2,1026.814641215,1027.666793041,210922-112437,0.8521518259999539,1
68,2,1039.467632635,1040.229130013,210922-112437,0.7614973780000582,1
69,2,1039.467632635,1040.229130013,210922-112437,0.7614973780000582,1
72,2,1043.897722196,1044.894921142,210922-112437,0.9971989460000259,1
73,2,1043.897722196,1044.894921142,210922-112437,0.9971989460000259,1
78,2,1047.143151494,1048.122219551,210922-112437,0.9790680569999495,1
79,2,1047.143151494,1048.122219551,210922-112437,0.9790680569999495,1
80,2,1634.804886134,1635.599755598,210922-112437,0.7948694639999303,1
81,2,1634.804886134,1635.599755598,210922-112437,0.7948694639999303,1
82,2,1643.932824548,1644.727694011,210922-112437,0.7948694629999409,1
83,2,1643.932824548,1644.727694011,210922-112437,0.7948694629999409,1
84,2,1649.030271669,1650.107191588,210922-112437,1.07691991899992,1
85,2,1649.030271669,1650.107191588,210922-112437,1.07691991899992,1
90,2,1652.940516612,1653.799488452,210922-112437,0.8589718400000947,1
91,2,1652.940516612,1653.799488452,210922-112437,0.8589718400000947,1
92,2,1663.367448511,1664.111036074,210922-112437,0.7435875629998918,1
93,2,1663.367448511,1664.111036074,210922-112437,0.7435875629998918,1
94,2,1668.903349135,1669.621295747,210922-112437,0.7179466119998779,1
95,2,1668.903349135,1669.621295747,210922-112437,0.7179466119998779,1
96,2,1680.580052778,1681.336460816,210922-112437,0.7564080380000178,1
97,2,1680.580052778,1681.336460816,210922-112437,0.7564080380000178,1
98,2,1685.730566616,1686.871588911,210922-112437,1.141022294999857,1
99,2,1685.730566616,1686.871588911,210922-112437,1.141022294999857,1
100,2,1690.682358595,1691.451587109,210922-112437,0.7692285139999058,1
101,2,1690.682358595,1691.451587109,210922-112437,0.7692285139999058,1
106,2,1698.531319646,1699.595419089,210922-112437,1.064099443000032,1
107,2,1698.531319646,1699.595419089,210922-112437,1.064099443000032,1
110,2,1703.499793478,1704.602354347,210922-112437,1.1025608690001718,1
111,2,1703.499793478,1704.602354347,210922-112437,1.1025608690001718,1
114,2,1707.35875652,1708.089523608,210922-112437,0.7307670879999932,1
115,2,1707.35875652,1708.089523608,210922-112437,0.7307670879999932,1
116,2,1708.863640751,1710.286713501,210922-112437,1.4230727499998466,1
117,2,1708.863640751,1710.286713501,210922-112437,1.4230727499998466,1
118,2,1745.145177674,1746.65799375,210922-112437,1.5128160760000355,1
119,2,1745.145177674,1746.65799375,210922-112437,1.5128160760000355,1
122,2,1748.363642261,1749.530305506,210922-112437,1.1666632450001089,1
123,2,1748.363642261,1749.530305506,210922-112437,1.1666632450001089,1
128,2,1753.467486453,1755.03158443,210922-112437,1.564097977000074,1
129,2,1753.467486453,1755.03158443,210922-112437,1.564097977000074,1
130,2,1756.370052917,1757.254665707,210922-112437,0.8846127899998919,1
131,2,1756.370052917,1757.254665707,210922-112437,0.8846127899998919,1
136,2,1759.863125673,1760.619533711,210922-112437,0.7564080380000178,1
137,2,1759.863125673,1760.619533711,210922-112437,0.7564080380000178,1
138,2,1762.614413576,1764.268254879,210922-112437,1.6538413030000356,1
139,2,1762.614413576,1764.268254879,210922-112437,1.6538413030000356,1
140,2,1765.930578567,1767.263907991,210922-112437,1.333329423999885,1
141,2,1765.930578567,1767.263907991,210922-112437,1.333329423999885,1
142,2,1770.666216265,1771.589290481,210922-112437,0.9230742160000318,1
143,2,1770.666216265,1771.589290481,210922-112437,0.9230742160000318,1
144,2,1772.711345466,1774.788262452,210922-112437,2.0769169860000147,1
145,2,1772.711345466,1774.788262452,210922-112437,2.0769169860000147,1
146,2,1775.989039863,1776.860832179,210922-112437,0.8717923159999827,1
147,2,1775.989039863,1776.860832179,210922-112437,0.8717923159999827,1
150,2,1779.27108152,1780.335180964,210922-112437,1.0640994440000213,1
151,2,1779.27108152,1780.335180964,210922-112437,1.0640994440000213,1
152,2,1782.434677573,1784.062877926,210922-112437,1.628200353000011,1
153,2,1782.434677573,1784.062877926,210922-112437,1.628200353000011,1
154,2,1797.055192897,1797.991087588,210922-112437,0.9358946909999304,1
155,2,1797.055192897,1797.991087588,210922-112437,0.9358946909999304,1
158,2,1800.290059695,1801.366979614,210922-112437,1.07691991899992,1
159,2,1800.290059695,1801.366979614,210922-112437,1.07691991899992,1
160,2,1803.982356559,1805.713120714,210922-112437,1.730764155000088,1
161,2,1803.982356559,1805.713120714,210922-112437,1.730764155000088,1
162,2,1807.068785843,1808.04314196,210922-112437,0.9743561170000703,1
163,2,1807.068785843,1808.04314196,210922-112437,0.9743561170000703,1
164,2,1831.246474137,1832.464419283,210922-112437,1.2179451460001474,1
165,2,1831.246474137,1832.464419283,210922-112437,1.2179451460001474,1
166,2,1877.996473113,1878.688778775,210922-112437,0.6923056619998533,1
167,2,1877.996473113,1878.688778775,210922-112437,0.6923056619998533,1
168,2,1892.072485145,1893.136584589,210922-112437,1.0640994440000213,1
169,2,1892.072485145,1893.136584589,210922-112437,1.0640994440000213,1
170,2,1905.516332373,1906.567611341,210922-112437,1.051278967999906,1
171,2,1905.516332373,1906.567611341,210922-112437,1.051278967999906,1
172,2,1910.809411013,1911.476075724,210922-112437,0.6666647110000667,1
173,2,1910.809411013,1911.476075724,210922-112437,0.6666647110000667,1
174,2,1912.450431841,1913.501710809,210922-112437,1.0512789680001333,1
175,2,1912.450431841,1913.501710809,210922-112437,1.0512789680001333,1
176,2,1913.85607583,1915.368891906,210922-112437,1.5128160760000355,1
177,2,1913.85607583,1915.368891906,210922-112437,1.5128160760000355,1
178,2,1917.792487904,1918.651459744,210922-112437,0.8589718400000947,1
179,2,1917.792487904,1918.651459744,210922-112437,0.8589718400000947,1
180,2,1924.570960481,1925.442752796,210922-112437,0.8717923149999933,1
181,2,1924.570960481,1925.442752796,210922-112437,0.8717923149999933,1
182,2,1932.000705247,1933.000702314,210922-112437,0.9999970669998675,1
183,2,1932.000705247,1933.000702314,210922-112437,0.9999970669998675,1
184,2,1937.585833438,1938.790958108,210922-112437,1.205124670000032,1
185,2,1937.585833438,1938.790958108,210922-112437,1.205124670000032,1
186,2,1945.590962869,1946.84736944,210922-112437,1.2564065710000705,1
187,2,1945.590962869,1946.84736944,210922-112437,1.2564065710000705,1
188,2,1952.740450464,1953.881472758,210922-112437,1.1410222939998675,1
189,2,1952.740450464,1953.881472758,210922-112437,1.1410222939998675,1
190,2,1962.805574974,1963.792774974,210922-112437,0.9872000000000298,1
191,2,1962.805574974,1963.792774974,210922-112437,0.9872000000000298,1
196,2,1972.219974637,1973.027664576,210922-112437,0.8076899390000563,1
197,2,1972.219974637,1973.027664576,210922-112437,0.8076899390000563,1
202,2,1980.988172652,1982.026631145,210922-112437,1.0384584930000074,1
203,2,1980.988172652,1982.026631145,210922-112437,1.0384584930000074,1
204,2,1997.230744347,1998.179459514,210922-112437,0.9487151670000458,1
205,2,1997.230744347,1998.179459514,210922-112437,0.9487151670000458,1
208,2,2000.55124743,2001.589705923,210922-112437,1.0384584930000074,1
209,2,2000.55124743,2001.589705923,210922-112437,1.0384584930000074,1
210,2,2075.076641569,2076.640739546,210922-112437,1.564097977000074,1
211,2,2075.076641569,2076.640739546,210922-112437,1.564097977000074,1
212,2,2080.790743139,2081.508689752,210922-112437,0.7179466130000947,1
213,2,2080.790743139,2081.508689752,210922-112437,0.7179466130000947,1
214,2,2090.38971292,2091.479453314,210922-112437,1.0897403939998185,1
215,2,2090.38971292,2091.479453314,210922-112437,1.0897403939998185,1
216,2,2119.800229875,2120.543817438,210922-112437,0.7435875630003466,1
217,2,2119.800229875,2120.543817438,210922-112437,0.7435875630003466,1
218,2,2122.582272998,2123.338681037,210922-112437,0.7564080389997798,1
219,2,2122.582272998,2123.338681037,210922-112437,0.7564080389997798,1
220,2,2132.248911316,2133.018139829,210922-112437,0.7692285130001437,1
221,2,2132.248911316,2133.018139829,210922-112437,0.7692285130001437,1
222,2,2142.902726225,2143.736057115,210922-112437,0.8333308900000702,1
223,2,2142.902726225,2143.736057115,210922-112437,0.8333308900000702,1
224,2,2148.043788457,2148.864298871,210922-112437,0.8205104139997275,1
225,2,2148.043788457,2148.864298871,210922-112437,0.8205104139997275,1
226,2,2151.97967435,2152.813005239,210922-112437,0.8333308890000808,1
227,2,2151.97967435,2152.813005239,210922-112437,0.8333308890000808,1
228,2,2155.582227887,2156.287354024,210922-112437,0.7051261369997519,1
229,2,2155.582227887,2156.287354024,210922-112437,0.7051261369997519,1
230,2,2180.364274495,2181.351451087,210922-112437,0.9871765920001963,1
231,2,2180.364274495,2181.351451087,210922-112437,0.9871765920001963,1
232,2,2194.582181516,2195.325769079,210922-112437,0.7435875629998918,1
233,2,2194.582181516,2195.325769079,210922-112437,0.7435875629998918,1
234,2,2225.416304674,2226.018867009,210922-112437,0.6025623350001297,1
235,2,2225.416304674,2226.018867009,210922-112437,0.6025623350001297,1
236,2,2229.646304449,2230.505276289,210922-112437,0.8589718399998674,1
237,2,2229.646304449,2230.505276289,210922-112437,0.8589718399998674,1
238,2,2246.841176253,2247.802711895,210922-112437,0.9615356419999443,1
239,2,2246.841176253,2247.802711895,210922-112437,0.9615356419999443,1
240,2,2250.07989431,2250.861943298,210922-112437,0.7820489880000423,1
241,2,2250.07989431,2250.861943298,210922-112437,0.7820489880000423,1
242,2,2256.93168643,2257.906042547,210922-112437,0.9743561170002977,1
243,2,2256.93168643,2257.906042547,210922-112437,0.9743561170002977,1
244,2,2261.870660275,2262.486043086,210922-112437,0.6153828110000177,1
245,2,2261.870660275,2262.486043086,210922-112437,0.6153828110000177,1
246,2,2269.345278765,2270.050404902,210922-112437,0.7051261370002067,1
247,2,2269.345278765,2270.050404902,210922-112437,0.7051261370002067,1
248,2,2337.467836963,2338.365270229,210922-112437,0.8974332660000073,1
249,2,2337.467836963,2338.365270229,210922-112437,0.8974332660000073,1
250,2,2355.623483166,2357.6234773,210922-112437,1.9999941340001897,1
251,2,2355.623483166,2357.6234773,210922-112437,1.9999941340001897,1
252,2,2359.77040665,2360.706301341,210922-112437,0.9358946910001578,1
253,2,2359.77040665,2360.706301341,210922-112437,0.9358946910001578,1
254,2,2369.703741094,2370.678097211,210922-112437,0.9743561169998429,1
255,2,2369.703741094,2370.678097211,210922-112437,0.9743561169998429,1
256,2,2373.983482815,2374.791172754,210922-112437,0.8076899389998289,1
257,2,2373.983482815,2374.791172754,210922-112437,0.8076899389998289,1
258,2,2375.714765544,2377.073735918,210922-112437,1.3589703739999095,1
259,2,2375.714765544,2377.073735918,210922-112437,1.3589703739999095,1
260,2,2377.214761145,2378.522449618,210922-112437,1.307688472999871,1
261,2,2377.214761145,2378.522449618,210922-112437,1.307688472999871,1
262,2,2380.701431906,2381.880915627,210922-112437,1.1794837209999969,1
263,2,2380.701431906,2381.880915627,210922-112437,1.1794837209999969,1
264,2,2391.690915372,2392.626810063,210922-112437,0.9358946910001578,1
265,2,2391.690915372,2392.626810063,210922-112437,0.9358946910001578,1
266,2,0.760238302,1.744076105,210926-104317,0.983837803,1
267,2,3.681938444,4.293110413,210926-104317,0.6111719689999999,1
268,2,7.423503422,8.437154492,210926-104317,1.0136510699999999,1
270,2,10.896748999,11.701707201,210926-104317,0.8049582019999999,1
271,2,14.548851385,15.815915222,210926-104317,1.2670638369999985,1
272,2,17.410924993,18.752521997,210926-104317,1.3415970040000005,1
273,2,22.568620142,23.463018145,210926-104317,0.8943980029999992,1
274,2,24.968588116,26.638131054,210926-104317,1.6695429379999993,1
275,2,28.441819935,29.485284272,210926-104317,1.0434643369999996,1
277,2,32.034318579,32.824370148,210926-104317,0.7900515689999992,1
278,2,35.418124356,36.536121859,210926-104317,1.117997502999998,1
279,2,38.280181276,39.562151746,210926-104317,1.2819704699999974,1
280,2,43.214276924,44.004328493,210926-104317,0.7900515689999992,1
281,2,45.211765796,46.702429134,210926-104317,1.4906633379999974,1
282,2,48.75954454,49.460156309,210926-104317,0.7006117689999982,1
283,2,50.675020787,52.016643933,210926-104317,1.3416231459999963,1
284,2,52.225323729,54.118453097,210926-104317,1.8931293679999968,1
285,2,54.506025565,54.938317933,210926-104317,0.4322923679999988,1
286,2,57.636418574,58.262497176,210926-104317,0.6260786019999998,1
287,2,59.529561013,60.886064651,210926-104317,1.3565036379999995,1
288,2,61.363076919,63.032619857,210926-104317,1.6695429379999993,1
289,2,63.479807494,65.164257066,210926-104317,1.6844495720000054,1
290,2,67.146839305,68.145583741,210926-104317,0.9987444359999955,1
291,2,72.751733455,73.243652356,210926-104317,0.49191890100000535,1
292,2,74.510703633,76.060993504,210926-104317,1.5502898709999897,1
293,2,76.433659338,78.192642077,210926-104317,1.758982739000004,1
294,2,78.460961478,78.878347212,210926-104317,0.4173857339999927,1
295,2,80.831116185,81.591354487,210926-104317,0.7602383020000048,1
296,2,82.634813442,84.17019668,210926-104317,1.5353832380000085,1
297,2,84.572675781,86.59997792,210926-104317,2.0273021389999997,1
298,2,88.686906593,89.77509083,210926-104317,1.088184236999993,1
299,2,94.15763303,94.768804998,210926-104317,0.6111719679999936,1
300,2,96.020962202,97.466905639,210926-104317,1.4459434369999968,1
301,2,97.958824541,99.717807279,210926-104317,1.7589827380000003,1
302,2,101.581136452,102.415907921,210926-104317,0.8347714690000032,1
303,2,103.593531957,104.964942228,210926-104317,1.371410271000002,1
304,2,105.456850664,107.20092677,210926-104317,1.7440761059999943,1
305,2,107.536326021,107.908991855,210926-104317,0.37266583400000286,1
306,2,109.153695742,110.793425413,210926-104317,1.6397296709999978,1
307,2,115.071629193,115.697707795,210926-104317,0.6260786019999927,1
308,2,116.949864998,118.410715069,210926-104317,1.46085007100001,1
309,2,118.992069466,120.646705771,210926-104317,1.6546363049999968,1
311,2,122.897607411,123.82181868,210926-104317,0.9242112690000113,1
312,2,124.79074985,126.355946354,210926-104317,1.5651965039999993,1
313,2,126.832953838,128.487590143,210926-104317,1.654636305000011,1
314,2,129.888813681,131.394383652,210926-104317,1.505569971,1
315,2,135.717296028,136.29865473,210926-104317,0.581358702000017,1
316,2,137.565718567,138.922222204,210926-104317,1.356503637000003,1
317,2,139.473767639,141.158217211,210926-104317,1.6844495720000054,1
318,2,141.441443245,141.814109079,210926-104317,0.37266583400000286,1
319,2,143.543278551,144.392956654,210926-104317,0.8496781030000022,1
320,2,145.466234257,146.927084328,210926-104317,1.46085007100001,1
321,2,147.329551227,149.595359501,210926-104317,2.265808273999994,1
322,2,150.60901057,152.248740242,210926-104317,1.6397296719999872,1
323,2,156.34805886,157.078483895,210926-104317,0.7304250349999961,1
324,2,158.375360999,159.657331469,210926-104317,1.2819704700000045,1
325,2,160.089623837,162.072206077,210926-104317,1.9825822399999993,1
326,2,163.816282182,164.815026618,210926-104317,0.9987444359999813,1
327,2,165.828674279,167.304430984,210926-104317,1.4757567049999807,1
328,2,167.692003452,169.36154639,210926-104317,1.6695429380000064,1
329,2,170.613703594,172.327966432,210926-104317,1.7142628380000247,1
330,2,176.293122838,176.978827974,210926-104317,0.6857051360000241,1
331,2,178.216078544,179.632208715,210926-104317,1.4161301709999918,1
332,2,180.049594449,181.599884321,210926-104317,1.5502898719999791,1
333,2,183.448301896,184.432139699,210926-104317,0.9838378030000001,1
334,2,185.639577002,186.906640839,210926-104317,1.267063836999995,1
335,2,187.249493407,189.276795546,210926-104317,2.0273021389999997,1
337,2,190.648199897,192.839475004,210926-104317,2.1912751069999956,1
338,2,196.759919582,197.624504318,210926-104317,0.8645847359999834,1
339,2,199.040634489,200.36732486,210926-104317,1.3266903709999838,1
340,2,200.754889255,202.633125061,210926-104317,1.8782358059999922,1
341,2,203.69149603,205.316319069,210926-104317,1.624823039000006,1
342,2,206.389596672,207.537407442,210926-104317,1.1478107699999782,1
343,2,207.88026001,209.25167028,210926-104317,1.3714102700000126,1
344,2,209.967188682,212.069023989,210926-104317,2.1018353069999876,1
345,2,215.810581312,216.630446148,210926-104317,0.8198648359999936,1
346,2,218.642841654,219.745932524,210926-104317,1.1030908700000168,1
347,2,220.372011126,222.250246931,210926-104317,1.8782358050000028,1
350,2,224.650214905,225.604239441,210926-104317,0.9540245359999915,1
351,2,227.482469327,228.391773963,210926-104317,0.9093046360000017,1
353,2,229.390518399,230.583049069,210926-104317,1.1925306699999965,1
356,2,232.744510909,233.698535445,210926-104317,0.9540245359999915,1
357,2,235.39789165,236.128316686,210926-104317,0.730425036000014,1
359,2,237.15685094,238.245035176,210926-104317,1.0881842359999894,1
362,2,240.451216916,241.360521552,210926-104317,0.9093046360000017,1
363,2,242.836278257,243.656143092,210926-104317,0.8198648350000042,1
365,2,244.878487029,245.966671266,210926-104317,1.0881842369999788,1
366,2,249.261030784,250.289588487,210926-104317,1.02855770299999,1
367,2,252.15291766,252.778996262,210926-104317,0.6260786019999784,1
369,2,254.374006033,255.238590769,210926-104317,0.8645847360000118,1
372,2,257.996317944,258.86090268,210926-104317,0.8645847359999834,1
373,2,260.187581986,261.022353455,210926-104317,0.8347714689999748,1
375,2,262.363950459,263.541574495,210926-104317,1.1776240359999974,1
379,2,266.418554737,267.163886406,210926-104317,0.7453316689999951,1
380,2,268.609829844,269.176281912,210926-104317,0.5664520679999896,1
382,2,270.607318716,272.142701954,210926-104317,1.5353832380000085,1
383,2,275.541414364,276.480532267,210926-104317,0.9391179030000103,1
384,2,278.671807374,279.536392109,210926-104317,0.864584734999994,1
385,2,281.146308514,282.05561315,210926-104317,0.9093046360000017,1
387,2,284.574834191,285.394699027,210926-104317,0.819864836000022,1
388,2,287.302748099,287.764853734,210926-104317,0.46210563500000035,1
389,2,290.656715545,291.804526315,210926-104317,1.1478107699999782,1
390,2,295.501371392,296.306329595,210926-104317,0.8049582030000124,1
391,2,298.587044501,299.541069038,210926-104317,0.9540245370000093,1
392,2,300.897572675,302.50748908,210926-104317,1.6099164050000354,1
394,2,304.773290357,305.682594993,210926-104317,0.9093046360000017,1
395,2,307.680083866,310.050238573,210926-104317,2.3701547069999833,1
396,2,311.794314678,313.270071382,210926-104317,1.475756704000048,1
397,2,316.92219656,317.786781296,210926-104317,0.8645847360000403,1
398,2,319.754456901,321.528346273,210926-104317,1.773889371999985,1
399,2,323.376768812,324.360606615,210926-104317,0.9838378029999717,1
401,2,327.267400124,328.13198486,210926-104317,0.8645847359999834,1
402,2,330.367975561,332.633783834,210926-104317,2.2658082730000046,1
403,2,334.42257984,335.555483976,210926-104317,1.1329041359999792,1
405,2,337.970350153,338.834934888,210926-104317,0.864584734999994,1
406,2,341.249809496,342.874632534,210926-104317,1.6248230379999882,1
407,2,344.648521906,345.915585743,210926-104317,1.2670638370000233,1
408,2,349.716777254,350.53664209,210926-104317,0.8198648359999652,1
409,2,352.653375419,354.054598956,210926-104317,1.4012235370000212,1
410,2,355.917928129,356.737792964,210926-104317,0.8198648349999758,1
412,2,359.003601238,359.748932907,210926-104317,0.7453316689999951,1
413,2,361.612262079,363.594844318,210926-104317,1.9825822390000098,1
414,2,365.264360408,366.412171178,210926-104317,1.1478107699999782,1
415,2,370.109016256,371.048134158,210926-104317,0.939117901999964,1
416,2,373.224502632,374.431939935,210926-104317,1.207437303000006,1
417,2,376.250549207,377.085320676,210926-104317,0.8347714689999748,1
419,2,379.366035583,380.156087152,210926-104317,0.7900515690000134,1
420,2,382.049229591,383.718772529,210926-104317,1.6695429379999496,1
421,2,385.2243425,386.208180303,210926-104317,0.9838378030000285,1
424,2,388.876467678,389.651612614,210926-104317,0.7751449360000038,1
425,2,394.466455194,395.644079231,210926-104317,1.1776240369999869,1
426,2,399.057698275,400.011722811,210926-104317,0.9540245360000199,1
427,2,401.353319815,402.769449986,210926-104317,1.4161301709999634,1
428,2,404.349553124,405.34829756,210926-104317,0.9987444359999813,1
430,2,407.688639,408.717196703,210926-104317,1.02855770299999,1
431,2,409.760652071,412.771792013,210926-104317,3.011139942,1
432,2,414.500961485,415.559332454,210926-104317,1.0583709690000092,1
433,2,421.864838373,423.892140512,210926-104317,2.027302139000028,1
434,2,425.397701335,426.590232005,210926-104317,1.1925306699999965,1
435,2,428.945480079,429.810064815,210926-104317,0.8645847359999834,1
436,2,431.017502118,433.626162959,210926-104317,2.6086608410000167,1
437,2,434.982660856,436.741643595,210926-104317,1.7589827390000323,1
438,2,439.275771269,440.840967774,210926-104317,1.5651965049999603,1
439,2,442.376351012,444.254586817,210926-104317,1.8782358050000312,1
440,2,445.804876688,446.609834891,210926-104317,0.8049582030000124,1
442,2,448.965072799,449.770031001,210926-104317,0.804958202000023,1
443,2,450.932748405,453.392342912,210926-104317,2.45959450700002,1
444,2,455.032072583,456.239509887,210926-104317,1.2074373039999955,1
445,2,462.574822077,464.363618082,210926-104317,1.7887960049999947,1
446,2,465.824468153,466.539986555,210926-104317,0.7155184019999865,1
448,2,468.835608095,469.625659664,210926-104317,0.7900515690000134,1
449,2,473.635544043,474.559755312,210926-104317,0.9242112690000113,1
452,2,477.093874555,477.705046524,210926-104317,0.6111719689999973,1
453,2,479.001923627,479.732348663,210926-104317,0.7304250359999855,1
455,2,481.1335722,481.983250303,210926-104317,0.8496781029999738,1
458,2,484.249058576,485.113643312,210926-104317,0.8645847360000403,1
459,2,486.082568203,487.021686106,210926-104317,0.9391179030000103,1
461,2,488.36328311,489.28749438,210926-104317,0.9242112700000007,1
462,2,492.805459857,493.386818558,210926-104317,0.5813587009999992,1
463,2,495.16070793,495.816599799,210926-104317,0.6558918690000155,1
465,2,497.27744987,498.365634106,210926-104317,1.0881842360000178,1
468,2,501.048821118,501.794152787,210926-104317,0.7453316689999951,1
469,2,503.180469691,503.761828393,210926-104317,0.5813587019999886,1
471,2,505.207771831,506.1319831,210926-104317,0.9242112690000113,1
474,2,508.964243442,509.635041944,210926-104317,0.6707985020000251,1
475,2,510.827544689,511.721942692,210926-104317,0.8943980030000489,1
477,2,513.138072863,513.957937699,210926-104317,0.8198648359999652,1
480,2,516.328092406,517.222490408,210926-104317,0.8943980020000026,1
481,2,518.429927712,519.219979281,210926-104317,0.7900515689999565,1
483,2,521.396347754,522.365278924,210926-104317,0.9689311700000189,1
484,2,525.674533169,526.479491372,210926-104317,0.8049582029999556,1
485,2,528.05959451,528.804926179,210926-104317,0.7453316689999383,1
487,2,530.474469117,531.309240586,210926-104317,0.8347714689999748,1
490,2,534.141500928,534.90173923,210926-104317,0.7602383019999479,1
491,2,536.109159187,537.107903623,210926-104317,0.9987444359999245,1
492,2,539.075579229,539.910350698,210926-104317,0.8347714689999748,1
494,2,542.459385005,543.159996774,210926-104317,0.7006117690000337,1
495,2,544.531407045,546.663055618,210926-104317,2.1316485730000068,1
496,2,548.347491673,549.525115709,210926-104317,1.1776240359999974,1
497,2,553.05798782,554.026918989,210926-104317,0.9689311690000295,1
498,2,555.26416956,556.725019631,210926-104317,1.4608500709999817,1
499,2,558.349842669,559.393307005,210926-104317,1.0434643359999427,1
501,2,561.808181612,562.717486248,210926-104317,0.9093046360000017,1
502,2,564.014354024,566.295068931,210926-104317,2.280714906999947,1
503,2,567.919891969,569.216769073,210926-104317,1.296877104000032,1
504,2,572.913614151,573.778198887,210926-104317,0.8645847359999834,1
505,2,575.149609157,576.595552595,210926-104317,1.445943437999972,1
506,2,578.339623498,579.189301601,210926-104317,0.8496781029999738,1
508,2,581.529643041,582.379321143,210926-104317,0.8496781019999844,1
509,2,583.899797748,586.135792754,210926-104317,2.235995006000053,1
510,2,588.14818826,589.415252097,210926-104317,1.2670638370000233,1
511,2,593.052470642,594.081028345,210926-104317,1.0285577030000468,1
512,2,595.422625349,597.032541753,210926-104317,1.609916404000046,1
513,2,598.672271425,599.775362295,210926-104317,1.1030908700000737,1
515,2,602.160413649,603.054811652,210926-104317,0.8943980029999921,1
516,2,604.247342322,607.01997613,210926-104317,2.7726338080000232,1
517,2,608.749145602,609.882049738,210926-104317,1.1329041359999792,1
518,2,613.400015215,614.383853018,210926-104317,0.9838378029999149,1
519,2,615.650916855,617.454619494,210926-104317,1.8037026389999937,1
520,2,619.347752426,620.331590229,210926-104317,0.9838378029999149,1
521,2,621.404867832,622.791184736,210926-104317,1.3863169039999548,1
522,2,623.670676105,624.952646576,210926-104317,1.2819704710000224,1
523,2,625.23587261,626.696722681,210926-104317,1.4608500709999817,1
524,2,629.633329456,630.393567758,210926-104317,0.7602383020000616,1
525,2,631.839494872,633.121465343,210926-104317,1.2819704709999087,1
526,2,634.060583246,635.357460349,210926-104317,1.2968771030000426,1
527,2,635.655593017,637.354949222,210926-104317,1.6993562049999582,1
528,2,639.456784528,640.485342231,210926-104317,1.0285577030000468,1
529,2,645.091491945,645.613224113,210926-104317,0.5217321679999714,1
530,2,647.044260917,648.311324754,210926-104317,1.2670638370000233,1
531,2,649.17590949,650.711292728,210926-104317,1.5353832380000085,1
532,2,650.994518762,652.4851821,210926-104317,1.4906633379999903,1
533,2,654.631737306,655.272722542,210926-104317,0.6409852360000059,1
534,2,656.718665979,657.970823183,210926-104317,1.2521572040000137,1
535,2,658.507461985,660.38569779,210926-104317,1.8782358050000312,1
537,2,662.815471138,664.022908441,210926-104317,1.207437303000006,1
538,2,669.04644389,669.523456158,210926-104317,0.4770122680000668,1
539,2,670.924679695,672.161930265,210926-104317,1.2372505700000147,1
540,2,672.66874976,674.472452399,210926-104317,1.8037026389999937,1
542,2,676.738260672,677.617752042,210926-104317,0.8794913699999825,1
543,2,678.795376079,680.077346549,210926-104317,1.281970470000033,1
544,2,680.524538375,682.551840514,210926-104317,2.0273021389999712,1
545,2,684.355543153,685.726953424,210926-104317,1.3714102710000589,1
546,2,689.870997503,690.526889371,210926-104317,0.6558918680000261,1
547,2,691.987739442,693.254803279,210926-104317,1.2670638370000233,1
548,2,694.25354054,695.535511011,210926-104317,1.2819704710000224,1
549,2,697.771506017,698.561557586,210926-104317,0.7900515690000702,1
550,2,699.81371479,701.125498527,210926-104317,1.3117837370000416,1
551,2,701.587604162,703.048454233,210926-104317,1.4608500709999817,1
552,2,704.74780398,706.014867817,210926-104317,1.2670638370000233,1
553,2,710.26325833,710.770083865,210926-104317,0.5068255349999617,1
554,2,712.126587502,713.408557973,210926-104317,1.2819704710000224,1
555,2,713.870663607,715.719086146,210926-104317,1.848422539000012,1
556,2,717.507882151,718.20849392,210926-104317,0.7006117690000337,1
557,2,719.386117957,720.757528228,210926-104317,1.3714102709999452,1
558,2,721.100380795,722.561230866,210926-104317,1.4608500709999817,1
559,2,724.305306971,725.482931008,210926-104317,1.1776240369999869,1
560,2,729.388468953,730.118893989,210926-104317,0.7304250359999287,1
561,2,731.684084574,732.966055044,210926-104317,1.2819704699999193,1
562,2,733.428160679,735.008263817,210926-104317,1.5801031380000268,1
563,2,736.990846056,737.721271092,210926-104317,0.7304250360000424,1
564,2,739.047961462,740.300118666,210926-104317,1.2521572040000137,1
565,2,740.672756755,742.550992561,210926-104317,1.8782358060000206,1
566,2,744.369601833,745.487599336,210926-104317,1.1179975029999696,1
567,2,749.780709749,750.31734855,210926-104317,0.536638800999981,1
568,2,751.763291988,753.060169092,210926-104317,1.296877104000032,1
569,2,753.492460025,755.206722863,210926-104317,1.7142628379999678,1
570,2,756.906074584,757.696126153,210926-104317,0.7900515690000702,1
571,2,759.14206959,760.28988036,210926-104317,1.1478107699999782,1
572,2,760.647639561,762.257555966,210926-104317,1.6099164050000354,1
573,2,763.450078564,764.985461802,210926-104317,1.5353832380000085,1
574,2,768.786653313,769.561798249,210926-104317,0.7751449360000606,1
575,2,771.171714654,772.244992257,210926-104317,1.073277603000065,1
576,2,772.722004525,773.944348462,210926-104317,1.222343937000005,1
577,2,775.5244516,776.508289403,210926-104317,0.9838378030000285,1
579,2,778.684657876,779.713215579,210926-104317,1.0285577030000468,1
580,2,781.487104951,782.515662654,210926-104317,1.0285577030000468,1
582,2,783.499500457,784.453524993,210926-104317,0.9540245360000199,1
585,2,786.7342399,787.807517503,210926-104317,1.0732776029999513,1
586,2,789.596313508,790.31183191,210926-104317,0.7155184020000434,1
588,2,791.41492278,792.622360084,210926-104317,1.2074373039999955,1
591,2,794.754008657,795.857099527,210926-104317,1.10309086999996,1
592,2,797.392482764,798.182534333,210926-104317,0.7900515690000702,1
594,2,799.40487827,800.567595674,210926-104317,1.1627174039999773,1
595,2,804.040841251,804.92033262,210926-104317,0.879491368999993,1
596,2,807.08179446,807.856939395,210926-104317,0.7751449350000712,1
598,2,809.019628516,810.092906119,210926-104317,1.0732776029999513,1
601,2,812.343807759,813.491618529,210926-104317,1.1478107699999782,1
602,2,815.0866283,816.10027937,210926-104317,1.0136510699999235,1
603,2,817.725102408,818.604593777,210926-104317,0.879491368999993,1
604,2,822.39087148,823.300176116,210926-104317,0.9093046360000017,1
605,2,825.774677257,827.488940095,210926-104317,1.7142628379999678,1
606,2,829.128669766,830.112507569,210926-104317,0.9838378029999149,1
608,2,832.661541877,833.451593446,210926-104317,0.7900515689999565,1
609,2,835.389447533,837.252776706,210926-104317,1.863329173000011,1
610,2,839.332252062,840.271369965,210926-104317,0.9391179030000103,1
611,2,844.050201526,844.974412795,210926-104317,0.9242112690000113,1
612,2,847.195501168,848.388031839,210926-104317,1.1925306709999859,1
613,2,850.251351862,851.041403431,210926-104317,0.7900515690000702,1
615,2,853.590437739,854.589182175,210926-104317,0.9987444360000381,1
616,2,856.974243515,858.927012488,210926-104317,1.9527689729999338,1
617,2,860.74562176,861.93815243,210926-104317,1.1925306699999965,1
618,2,865.873495808,866.603920844,210926-104317,0.7304250359999287,1
619,2,869.227488318,870.434925622,210926-104317,1.2074373039999955,1
620,2,872.402601227,873.147932896,210926-104317,0.745331669000052,1
622,2,875.816212916,876.636077752,210926-104317,0.8198648359999652,1
623,2,878.943781614,880.696223071,210926-104317,1.752441456999918,1
624,2,882.909745196,884.048128003,210926-104317,1.1383828069999709,1
625,2,887.821656196,888.517334578,210926-104317,0.6956783819999828,1
626,2,891.089236476,892.944378828,210926-104317,1.8551423520000299,1
627,2,894.230346517,895.516297466,210926-104317,1.2859509489999255,1
629,2,898.024955874,899.289825659,210926-104317,1.2648697849999735,1
630,2,901.714159415,903.59038293,210926-104317,1.8762235149999924,1
631,2,905.614174587,906.900125535,210926-104317,1.2859509480000497,1
632,2,910.694734892,911.727711883,210926-104317,1.0329769909999413,1
633,2,913.793665866,915.775295197,210926-104317,1.981629331000022,1
634,2,917.040164982,918.241791278,210926-104317,1.2016262960000859,1
636,2,920.645043871,921.635858536,210926-104317,0.9908146650000162,1
637,2,923.427757399,924.376409738,210926-104317,0.9486523389999775,1
638,2,927.138042103,928.571561193,210926-104317,1.4335190900000043,1
639,2,932.155358919,933.2515794,210926-104317,1.096220480999932,1
640,2,935.264830475,935.960508857,210926-104317,0.6956783819999828,1
641,2,938.585144401,939.660283719,210926-104317,1.0751393179999695,1
643,2,941.958130496,942.927863998,210926-104317,0.9697335020000537,1
644,2,944.951655655,945.963551483,210926-104317,1.0118958279999788,1
645,2,948.935995479,949.863566655,210926-104317,0.9275711760000149,1
647,2,952.772767162,953.426283218,210926-104317,0.653516055999944,1
648,2,955.597643016,956.335483724,210926-104317,0.7378407080000216,1
649,2,959.350090046,960.551716343,210926-104317,1.2016262969999616,1
650,2,964.409569188,965.316059201,210926-104317,0.9064900130000524,1
651,2,967.740392957,968.499314828,210926-104317,0.7589218709999841,1
652,2,970.881486258,971.724732781,210926-104317,0.843246522999948,1
654,2,974.633933288,975.224205854,210926-104317,0.590272566000067,1
655,2,977.311243339,979.29287267,210926-104317,1.9816293309999082,1
656,2,980.86341932,982.107207943,210926-104317,1.2437886230000004,1
657,2,985.553978108,986.755604404,210926-104317,1.2016262959999722,1
658,2,1048.818587041,1049.535346586,210926-104317,0.716759545000059,1
659,2,1051.190217889,1053.192928383,210926-104317,2.0027104939999845,1
660,2,1055.248341784,1056.091588308,210926-104317,0.8432465239998237,1
662,2,1058.874301836,1059.675386034,210926-104317,0.8010841979998986,1
663,2,1061.267013847,1062.215666186,210926-104317,0.9486523389998638,1
664,2,1064.186761068,1064.861358287,210926-104317,0.6745972190001339,1
666,2,1067.26461088,1068.08677624,210926-104317,0.8221653600000991,1
667,2,1069.731106961,1070.342460691,210926-104317,0.6113537300000189,1
668,2,1073.33598585,1074.643017962,210926-104317,1.307032111999888,1
669,2,1078.543033134,1079.301955005,210926-104317,0.7589218709999841,1
670,2,1081.388990151,1082.590616447,210926-104317,1.2016262960000859,1
671,2,1084.108459352,1084.867381224,210926-104317,0.7589218719999735,1
673,2,1087.407661376,1088.229826737,210926-104317,0.8221653609998612,1
674,2,1090.074428507,1090.833350378,210926-104317,0.7589218709999841,1
675,2,1093.57390158,1095.007420671,210926-104317,1.4335190910001074,1
676,2,1098.612299559,1099.329059104,210926-104317,0.716759545000059,1
677,2,1101.542581873,1102.364747234,210926-104317,0.8221653610000885,1
678,2,1105.06313611,1105.94854496,210926-104317,0.8854088499999762,1
680,2,1108.668014998,1109.384774543,210926-104317,0.716759545000059,1
681,2,44.639137843,44.95040293,210925-104759,0.31126508700000244,1
682,2,45.650749377,45.962014465,210925-104759,0.3112650880000061,1
685,2,98.642635546,99.459706401,210925-104759,0.8170708550000114,1
686,2,119.142573319,120.063399203,210925-104759,0.9208258840000099,1
687,2,125.925558351,126.924200507,210925-104759,0.9986421559999883,1
688,2,135.879845664,136.787702169,210925-104759,0.9078565050000122,1
689,2,139.031404675,139.822536772,210925-104759,0.791132097000002,1
690,2,142.675800074,143.661472851,210925-104759,0.9856727770000191,1
691,2,145.768108121,146.650025869,210925-104759,0.881917747999978,1
692,2,149.010452782,149.80158488,210925-104759,0.7911320980000198,1
694,2,284.043432108,285.068013021,210925-104759,1.0245809130000225,1
695,2,364.904534596,365.864268616,210925-104759,0.9597340199999849,1
696,2,374.315975345,375.184923714,210925-104759,0.868948368999952,1
697,2,384.01432327,384.896241018,210925-104759,0.8819177480000349,1
698,2,390.355629238,391.639597724,210925-104759,1.283968485999992,1
699,2,395.310302828,396.114404304,210925-104759,0.804101476000028,1
700,2,400.818292756,401.790996154,210925-104759,0.9727033980000215,1
701,2,404.057986451,404.758332898,210925-104759,0.7003464470000154,1
702,2,410.242966342,411.462087935,210925-104759,1.2191215930000112,1
703,2,420.915016567,422.017413752,210925-104759,1.1023971849999725,1
704,2,424.372356807,425.137586992,210925-104759,0.7652301850000072,1
705,2,427.484723823,428.970823023,210925-104759,1.4860991999999555,1
706,2,430.957246194,432.154997787,210925-104759,1.1977515930000209,1
707,2,452.016497695,452.970262853,210925-104759,0.9537651580000102,1
708,2,486.047026656,486.790076256,210925-104759,0.7430496000000062,1
709,2,574.264874146,574.996833454,210925-104759,0.7319593080000004,1
710,2,612.161235646,613.381167825,210925-104759,1.2199321790000113,1
711,2,615.925459923,616.491064843,210925-104759,0.5656049200000552,1
712,2,622.735406116,623.622629519,210925-104759,0.8872234030000072,1
713,2,625.818507441,626.628098796,210925-104759,0.809591355000066,1
714,2,629.701076159,630.832285997,210925-104759,1.131209838000018,1
715,2,638.761764373,639.438272217,210925-104759,0.676507843999957,1
716,2,642.022310378,642.876262904,210925-104759,0.8539525259999436,1
717,2,646.136808909,647.001851727,210925-104759,0.8650428180000063,1
718,2,649.101049169,649.888459939,210925-104759,0.7874107699999513,1
719,2,970.016833809,971.225675695,210925-104759,1.2088418859999592,1
720,2,1051.140380698,1051.617263277,210925-104759,0.47688257899994824,1
721,2,1071.973958575,1072.783549931,210925-104759,0.809591355999828,1
722,2,1081.004894881,1082.213736768,210925-104759,1.2088418870000623,1
724,2,1087.189601181,1087.855018733,210925-104759,0.6654175520000081,1
725,2,1090.618325456,1091.938070268,210925-104759,1.3197448119999535,1
726,2,1093.722715138,1094.876105562,210925-104759,1.1533904240000084,1
727,2,1098.786699201,1099.374484705,210925-104759,0.5877855040000668,1
728,2,1100.819633317,1102.283551932,210925-104759,1.4639186150000114,1
729,2,1104.145802545,1105.132838581,210925-104759,0.9870360360000632,1
731,2,1107.760163894,1108.580845542,210925-104759,0.8206816479998906,1
732,2,1109.844059315,1110.897637106,210925-104759,1.0535777909999524,1
733,2,1111.241436175,1112.716445082,210925-104759,1.475008907000074,1
734,2,1119.071968309,1119.903740249,210925-104759,0.8317719399999532,1
735,2,1121.611645299,1123.330640642,210925-104759,1.7189953429999605,1
736,2,1124.611616324,1125.853729088,210925-104759,1.2421127640000122,1
737,2,1128.368156503,1129.233199321,210925-104759,0.86504281800012,1
738,2,1130.434358581,1131.521207249,210925-104759,1.0868486680001297,1
739,2,1131.975909243,1133.251292885,210925-104759,1.275383642000179,1
740,2,1134.968905539,1136.089025085,210925-104759,1.120119546000069,1
741,2,1145.284170499,1146.138123024,210925-104759,0.8539525249998405,1
742,2,1148.633610376,1149.376659976,210925-104759,0.7430495999999494,1
743,2,1150.410891378,1151.763907067,210925-104759,1.3530156889999034,1
744,2,1153.128013049,1154.015236452,210925-104759,0.8872234030000072,1
745,2,1156.222204667,1156.954163974,210925-104759,0.7319593070001247,1
748,2,1159.105680726,1159.937452666,210925-104759,0.8317719399999532,1
749,2,1160.713786658,1161.878267375,210925-104759,1.1644807170000604,1
750,2,1163.076018968,1164.007603541,210925-104759,0.9315845730000092,1
751,2,1167.700670956,1168.454810848,210925-104759,0.754139892000012,1
752,2,1170.218167361,1171.449189833,210925-104759,1.2310224719999496,1
754,2,1172.658031719,1173.556345415,210925-104759,0.8983136959998319,1
757,2,1175.741133044,1176.672717617,210925-104759,0.9315845730000092,1
760,2,1178.715177125,1179.551659371,210925-104759,0.8364822459998322,1
761,2,1180.419509701,1181.360552228,210925-104759,0.941042527000036,1
762,2,1182.530980238,1183.622713986,210925-104759,1.0917337480000242,1
763,2,1187.261411756,1188.024701806,210925-104759,0.7632900500000233,1
764,2,1190.02797792,1191.092646004,210925-104759,1.0646680840000045,1
765,2,1192.290397598,1193.310704511,210925-104759,1.020306913000013,1
768,2,1195.661902084,1196.44561609,210925-104759,0.7837140059998546,1
769,2,1197.628580627,1198.708035767,210925-104759,1.0794551399999364,1
770,2,1200.645140196,1201.680234166,210925-104759,1.0350939699999344,1
771,2,1205.510092023,1206.426889539,210925-104759,0.9167975160000879,1
772,2,1207.846446984,1209.221643258,210925-104759,1.375196274000018,1
773,2,1210.478543079,1211.498849992,210925-104759,1.020306913000013,1
776,2,1213.790863491,1214.589364554,210925-104759,0.7985010630000033,1
778,2,1216.763061891,1217.591137067,210925-104759,0.828075176000084,1
779,2,1218.345276959,1219.262074476,210925-104759,0.9167975169998499,1
781,2,1220.518974296,1221.524494153,210925-104759,1.0055198570000812,1
784,2,1223.74255266,1224.762859573,210925-104759,1.020306913000013,1
785,2,1225.901483112,1227.084447649,210925-104759,1.1829645369998616,1
786,2,1228.696236831,1229.982710765,210925-104759,1.2864739340000142,1
787,2,1234.019577248,1234.81807831,210925-104759,0.7985010620000139,1
788,2,1236.622099229,1238.026869617,210925-104759,1.4047703880000881,1
789,2,1239.712616926,1240.614627386,210925-104759,0.9020104599999286,1
790,2,1243.231936424,1244.222669224,210925-104759,0.9907327999999325,1
791,2,1245.376059648,1246.425940674,210925-104759,1.0498810260000937,1
792,2,1246.647746525,1247.786349892,210925-104759,1.138603367000087,1
793,2,1249.43513344,1250.736394431,210925-104759,1.3012609909999355,1
794,2,1254.743677068,1255.527391074,210925-104759,0.783714006000082,1
795,2,1257.153977045,1258.677043887,210925-104759,1.523066842000162,1
796,2,1260.347981402,1261.205630692,210925-104759,0.857649290000154,1
798,2,1263.675059323,1264.488347442,210925-104759,0.8132881190001626,1
799,2,1265.449506129,1266.528961269,210925-104759,1.0794551400001637,1
800,2,1266.780341233,1268.022453997,210925-104759,1.2421127640000122,1
801,2,1269.190641317,1270.698921102,210925-104759,1.5082797850000134,1
802,2,1276.909484922,1278.506487047,210925-104759,1.5970021250000173,1
803,2,1279.940831549,1280.931564348,210925-104759,0.990732798999943,1
805,2,1283.48972516,1284.376948563,210925-104759,0.8872234030000072,1
806,2,1285.441616646,1286.476710616,210925-104759,1.0350939699999344,1
807,2,1286.964683488,1288.162435082,210925-104759,1.1977515940000103,1
808,2,1289.818632047,1290.97202247,210925-104759,1.153390423000019,1
809,2,1297.360042065,1298.779599509,210925-104759,1.41955744400002,1
810,2,1310.091712452,1310.801491175,210925-104759,0.7097787229999994,1
811,2,1312.709021491,1313.374439043,210925-104759,0.6654175520000081,1
812,2,1314.616551807,1316.065683365,210925-104759,1.44913155800009,1
813,2,1319.732896737,1320.679268366,210925-104759,0.9463716290001685,1
814,2,1329.507149974,1331.296383837,210925-104759,1.7892338629999358,1
815,2,1335.540280863,1336.59016189,210925-104759,1.0498810270000831,1
816,2,1337.521746463,1339.030026248,210925-104759,1.5082797850000134,1
817,2,1339.318361002,1340.116862064,210925-104759,0.7985010620000139,1
818,2,1342.623281029,1343.406995035,210925-104759,0.7837140059998546,1
819,2,1350.061151846,1351.30326461,210925-104759,1.2421127640000122,1
820,2,1352.042617446,1353.358665493,210925-104759,1.3160480470000948,1
821,2,1353.521323117,1354.127592442,210925-104759,0.6062693249998574,1
822,2,1355.850284549,1356.560063272,210925-104759,0.7097787229999994,1
823,2,1357.494147435,1358.958066049,210925-104759,1.463918614000022,1
824,2,1359.845289452,1361.309208067,210925-104759,1.4639186150000114,1
825,2,1364.730207027,1365.647004543,210925-104759,0.9167975160000879,1
826,2,1372.310647893,1373.582334771,210925-104759,1.2716868780000823,1
827,2,1374.055520586,1375.859541505,210925-104759,1.8040209189998677,1
828,2,1377.829025862,1378.671888095,210925-104759,0.8428622330000053,1
829,2,1379.854852632,1381.052604226,210925-104759,1.1977515940000103,1
830,2,1381.570151211,1383.566403867,210925-104759,1.9962526560000242,1
831,2,1385.592248329,1386.612555242,210925-104759,1.020306913000013,1
832,2,1405.566796639,1406.4984,210925-104759,0.9316033610000432,1
833,2,1413.272140532,1414.573916028,210925-104759,1.301775495999891,1
834,2,1415.201277712,1416.942206387,210925-104759,1.74092867499985,1
835,2,1419.169309084,1419.906459064,210925-104759,0.7371499800001402,1
836,2,1421.192550517,1422.384537718,210925-104759,1.1919872010000745,1
837,2,1422.886427066,1424.815564246,210925-104759,1.929137179999998,1
838,2,1426.383968457,1427.513219489,210925-104759,1.1292510319999565,1
839,2,1434.006420147,1435.21409139,210925-104759,1.2076712430000498,1
840,2,1435.653244569,1437.566697707,210925-104759,1.9134531380000226,1
841,2,1460.637819623,1461.735702571,210925-104759,1.0978829480000059,1
842,2,1463.758883204,1464.699925731,210925-104759,0.9410425269998086,1
843,2,1468.746408596,1469.844291544,210925-104759,1.0978829480000059,1
844,2,1471.726376598,1472.683103167,210925-104759,0.9567265690000113,1
845,2,1476.462946049,1477.545144955,210925-104759,1.0821989060000305,1
846,2,1485.794920693,1486.845751515,210925-104759,1.05083082200008,1
847,2,1488.900333689,1489.857060257,210925-104759,0.9567265680000219,1
850,2,1492.084194238,1492.931132512,210925-104759,0.8469382739999674,1
851,2,1496.083624977,1497.228560051,210925-104759,1.1449350739999318,1
852,2,1500.9493116,1501.769993247,210925-104759,0.8206816469999012,1
853,2,1507.448226145,1508.424171888,210925-104759,0.9759457430000111,1
855,2,1511.130203267,1511.950884915,210925-104759,0.8206816479998906,1
856,2,1517.422683988,1518.426462684,210925-104759,1.0037786959999266,1
859,2,1520.964863156,1521.905905683,210925-104759,0.9410425269998086,1
860,2,1527.034546726,1528.006957337,210925-104759,0.9724106109999866,1
861,2,1531.857342868,1532.798385395,210925-104759,0.941042527000036,1
862,2,1537.36244165,1538.303484177,210925-104759,0.941042527000036,1
863,2,1540.656090494,1541.628501105,210925-104759,0.9724106109999866,1
864,2,1545.031911982,1546.051374719,210925-104759,1.0194627369999125,1
867,2,1548.364144012,1549.284638292,210925-104759,0.9204942799999571,1
868,2,1553.765116477,1554.840874853,210925-104759,1.075758376000067,1
869,2,1558.67811607,1559.687332691,210925-104759,1.0092166209999505,1
870,2,1564.267623508,1565.143756618,210925-104759,0.8761331099999552,1
872,2,1569.402444215,1570.400570543,210925-104759,0.9981263279998984,1
873,2,1571.897760036,1572.66299022,210925-104759,0.7652301840000746,1
876,2,1575.147215748,1575.945716811,210925-104759,0.7985010630000033,1
877,2,1579.073187746,1580.093494659,210925-104759,1.020306913000013,1
879,2,1582.300462874,1583.121144522,210925-104759,0.8206816479998906,1
880,2,1584.20799319,1585.383564199,210925-104759,1.1755710089998956,1
882,2,1586.470412867,1587.413087733,210925-104759,0.9426748660000612,1
885,2,1589.753144751,1590.584916691,210925-104759,0.8317719399999532,1
886,2,1592.115377061,1593.313128655,210925-104759,1.1977515940000103,1
887,2,1594.03399767,1595.154117216,210925-104759,1.120119546000069,1
888,2,1603.638198301,1604.425609071,210925-104759,0.7874107699999513,1
891,2,1606.954195769,1607.697245369,210925-104759,0.7430495999999494,1
893,2,1610.713810804,1611.578853622,210925-104759,0.8650428179998926,1
894,2,1613.918905347,1614.639774362,210925-104759,0.7208690150000621,1
895,2,1615.54917835,1616.547304678,210925-104759,0.9981263280001258,1
896,2,1618.488109591,1619.175707728,210925-104759,0.6875981369998954,1
898,2,1627.792865028,1628.657907846,210925-104759,0.8650428179998926,1
901,2,1630.73179255,1631.619015953,210925-104759,0.8872234030000072,1
902,2,0.0,137.425088949,210919-140341,137.425088949,1
903,2,0.0,137.425088949,210919-140341,137.425088949,1
904,2,66.792672542,67.517936654,210919-140341,0.7252641119999907,1
905,2,66.792672542,67.517936654,210919-140341,0.7252641119999907,1
906,2,71.394077788,72.425564525,210919-140341,1.0314867369999945,1
907,2,71.394077788,72.425564525,210919-140341,1.0314867369999945,1
908,2,74.899525558,75.882661355,210919-140341,0.9831357970000028,1
909,2,74.899525558,75.882661355,210919-140341,0.9831357970000028,1
910,2,78.130989526,78.912663069,210919-140341,0.7816735430000108,1
911,2,78.130989526,78.912663069,210919-140341,0.7816735430000108,1
912,2,83.207860298,84.094294213,210919-140341,0.8864339149999978,1
913,2,83.207860298,84.094294213,210919-140341,0.8864339149999978,1
914,2,87.950616194,88.933751991,210919-140341,0.9831357969999885,1
915,2,87.950616194,88.933751991,210919-140341,0.9831357969999885,1
916,2,0.0,322.5106666666667,210921-105612-BN,322.5106666666667,0
917,2,0.0,965.4346666666667,210928-132050-BN,965.4346666666667,0
918,2,0.0,909.7146666666666,210921-100337-BN,909.7146666666666,0
919,2,0.0,904.8186666666667,210928-135406-BN,904.8186666666667,0
