ICLISTENHF1251_20130520T003321.072Z.wav,2013-05-20T00:33:21.072Z
ICLISTENHF1251_20130520T173843.692Z.wav,2013-05-20T17:38:43.692Z
ICLISTENHF1251_20130520T174343.693Z.wav,2013-05-20T17:43:43.693Z
ICLISTENHF1251_20130520T184343.704Z.wav,2013-05-20T18:43:43.704Z
ICLISTENHF1251_20130520T185343.707Z.wav,2013-05-20T18:53:43.707Z
ICLISTENHF1251_20130520T185843.706Z.wav,2013-05-20T18:58:43.706Z
ICLISTENHF1251_20130520T190343.707Z.wav,2013-05-20T19:03:43.707Z
ICLISTENHF1251_20130520T190843.708Z.wav,2013-05-20T19:08:43.708Z
ICLISTENHF1251_20130623T072000.109Z.wav,2013-06-23T07:20:00.109Z
ICLISTENHF1251_20130623T073000.111Z.wav,2013-06-23T07:30:00.111Z
ICLISTENHF1251_20130623T073500.112Z.wav,2013-06-23T07:35:00.112Z
ICLISTENHF1251_20130623T074000.113Z.wav,2013-06-23T07:40:00.113Z
ICLISTENHF1251_20130623T074500.114Z.wav,2013-06-23T07:45:00.114Z
ICLISTENHF1251_20130623T075000.115Z.wav,2013-06-23T07:50:00.115Z
ICLISTENHF1251_20130623T075500.116Z.wav,2013-06-23T07:55:00.116Z
ICLISTENHF1251_20130730T072320.089Z.wav,2013-07-30T07:23:20.089Z
ICLISTENHF1251_20130730T074820.094Z.wav,2013-07-30T07:48:20.094Z
ICLISTENHF1251_20130730T075320.095Z.wav,2013-07-30T07:53:20.095Z
ICLISTENHF1251_20130730T080820.097Z.wav,2013-07-30T08:08:20.097Z
ICLISTENHF1251_20130730T081320.098Z.wav,2013-07-30T08:13:20.098Z
ICLISTENHF1251_20130730T081820.100Z.wav,2013-07-30T08:18:20.100Z
ICLISTENHF1251_20130730T082320.101Z.wav,2013-07-30T08:23:20.101Z
ICLISTENHF1251_20130730T082820.102Z.wav,2013-07-30T08:28:20.102Z
ICLISTENHF1251_20130730T083820.104Z.wav,2013-07-30T08:38:20.104Z
ICLISTENHF1251_20130730T085320.107Z.wav,2013-07-30T08:53:20.107Z
ICLISTENHF1251_20130730T090320.108Z.wav,2013-07-30T09:03:20.108Z
ICLISTENHF1251_20130730T090820.109Z.wav,2013-07-30T09:08:20.109Z
ICLISTENHF1251_20130730T091320.110Z.wav,2013-07-30T09:13:20.110Z
ICLISTENHF1251_20130730T091820.111Z.wav,2013-07-30T09:18:20.111Z
ICLISTENHF1251_20130730T092320.112Z.wav,2013-07-30T09:23:20.112Z
ICLISTENHF1251_20130730T092820.113Z.wav,2013-07-30T09:28:20.113Z
ICLISTENHF1251_20130730T093320.114Z.wav,2013-07-30T09:33:20.114Z
ICLISTENHF1251_20130730T094320.116Z.wav,2013-07-30T09:43:20.116Z
ICLISTENHF1251_20130730T094820.117Z.wav,2013-07-30T09:48:20.117Z
ICLISTENHF1251_20130730T095320.118Z.wav,2013-07-30T09:53:20.118Z
ICLISTENHF1251_20130730T100320.120Z.wav,2013-07-30T10:03:20.120Z
ICLISTENHF1251_20130730T100820.121Z.wav,2013-07-30T10:08:20.121Z
ICLISTENHF1251_20130802T081143.010Z.wav,2013-08-02T08:11:43.010Z
ICLISTENHF1251_20130802T081643.012Z.wav,2013-08-02T08:16:43.012Z
ICLISTENHF1251_20130802T083643.016Z.wav,2013-08-02T08:36:43.016Z
ICLISTENHF1251_20130812T180120.864Z.wav,2013-08-12T18:01:20.864Z
ICLISTENHF1251_20130812T180620.865Z.wav,2013-08-12T18:06:20.865Z
ICLISTENHF1251_20130812T181120.866Z.wav,2013-08-12T18:11:20.866Z
ICLISTENHF1251_20130812T181620.867Z.wav,2013-08-12T18:16:20.867Z
ICLISTENHF1251_20130812T182120.868Z.wav,2013-08-12T18:21:20.868Z
ICLISTENHF1251_20130812T182620.869Z.wav,2013-08-12T18:26:20.869Z
ICLISTENHF1251_20130812T183120.870Z.wav,2013-08-12T18:31:20.870Z
ICLISTENHF1251_20130812T183620.871Z.wav,2013-08-12T18:36:20.871Z
ICLISTENHF1251_20130812T184120.873Z.wav,2013-08-12T18:41:20.873Z
ICLISTENHF1251_20130812T184620.874Z.wav,2013-08-12T18:46:20.874Z
ICLISTENHF1251_20130812T185120.875Z.wav,2013-08-12T18:51:20.875Z
ICLISTENHF1251_20130812T185620.876Z.wav,2013-08-12T18:56:20.876Z
ICLISTENHF1251_20130812T190120.877Z.wav,2013-08-12T19:01:20.877Z
ICLISTENHF1251_20130812T190620.878Z.wav,2013-08-12T19:06:20.878Z
ICLISTENHF1251_20130812T191120.879Z.wav,2013-08-12T19:11:20.879Z
ICLISTENHF1251_20130812T191620.880Z.wav,2013-08-12T19:16:20.880Z
ICLISTENHF1251_20130812T192120.882Z.wav,2013-08-12T19:21:20.882Z
ICLISTENHF1251_20130812T192620.883Z.wav,2013-08-12T19:26:20.883Z
ICLISTENHF1251_20130812T193120.884Z.wav,2013-08-12T19:31:20.884Z
ICLISTENHF1251_20130812T193620.885Z.wav,2013-08-12T19:36:20.885Z
ICLISTENHF1251_20130812T194120.886Z.wav,2013-08-12T19:41:20.886Z
ICLISTENHF1251_20130812T194620.887Z.wav,2013-08-12T19:46:20.887Z
ICLISTENHF1251_20130812T195120.888Z.wav,2013-08-12T19:51:20.888Z
ICLISTENHF1251_20130812T195620.889Z.wav,2013-08-12T19:56:20.889Z
ICLISTENHF1251_20130812T200120.890Z.wav,2013-08-12T20:01:20.890Z
ICLISTENHF1251_20130812T200620.891Z.wav,2013-08-12T20:06:20.891Z
ICLISTENHF1251_20140104T003200.508Z.wav,2014-01-04T00:32:00.508Z
ICLISTENHF1251_20140201T084212.176Z.wav,2014-02-01T08:42:12.176Z
ICLISTENHF1251_20140202T074456.277Z.wav,2014-02-02T07:44:56.277Z
ICLISTENHF1251_20140202T075456.279Z.wav,2014-02-02T07:54:56.279Z
ICLISTENHF1251_20140202T080456.282Z.wav,2014-02-02T08:04:56.282Z
ICLISTENHF1251_20140202T081456.285Z.wav,2014-02-02T08:14:56.285Z
ICLISTENHF1251_20140202T082456.287Z.wav,2014-02-02T08:24:56.287Z
ICLISTENHF1251_20140202T085456.295Z.wav,2014-02-02T08:54:56.295Z
ICLISTENHF1251_20140202T091456.300Z.wav,2014-02-02T09:14:56.300Z
ICLISTENHF1251_20140202T092456.303Z.wav,2014-02-02T09:24:56.303Z
ICLISTENHF1251_20140202T093456.306Z.wav,2014-02-02T09:34:56.306Z
ICLISTENHF1251_20140202T094456.308Z.wav,2014-02-02T09:44:56.308Z
ICLISTENHF1251_20140202T095456.311Z.wav,2014-02-02T09:54:56.311Z
ICLISTENHF1251_20140202T100456.313Z.wav,2014-02-02T10:04:56.313Z
ICLISTENHF1251_20140202T102456.318Z.wav,2014-02-02T10:24:56.318Z
ICLISTENHF1251_20140202T111456.329Z.wav,2014-02-02T11:14:56.329Z
ICLISTENHF1251_20140202T112456.332Z.wav,2014-02-02T11:24:56.332Z
ICLISTENHF1251_20140202T141456.369Z.wav,2014-02-02T14:14:56.369Z
ICLISTENHF1251_20140202T142456.372Z.wav,2014-02-02T14:24:56.372Z
ICLISTENHF1251_20140301T173327.586Z.wav,2014-03-01T17:33:27.586Z
ICLISTENHF1251_20140401T074458.851Z.wav,2014-04-01T07:44:58.851Z
ICLISTENHF1251_20140401T082458.858Z.wav,2014-04-01T08:24:58.858Z
ICLISTENHF1251_20140401T113458.892Z.wav,2014-04-01T11:34:58.892Z
ICLISTENHF1251_20140401T123458.904Z.wav,2014-04-01T12:34:58.904Z
ICLISTENHF1251_20140401T130458.908Z.wav,2014-04-01T13:04:58.908Z
ICLISTENHF1251_20140401T131458.908Z.wav,2014-04-01T13:14:58.908Z
ICLISTENHF1251_20140401T132458.909Z.wav,2014-04-01T13:24:58.909Z
ICLISTENHF1251_20140401T133458.910Z.wav,2014-04-01T13:34:58.910Z
ICLISTENHF1251_20140401T134458.910Z.wav,2014-04-01T13:44:58.910Z
ICLISTENHF1251_20140401T135458.911Z.wav,2014-04-01T13:54:58.911Z
ICLISTENHF1251_20140401T140458.912Z.wav,2014-04-01T14:04:58.912Z
ICLISTENHF1251_20140401T141458.912Z.wav,2014-04-01T14:14:58.912Z
ICLISTENHF1251_20140401T142458.914Z.wav,2014-04-01T14:24:58.914Z
ICLISTENHF1251_20140401T143458.915Z.wav,2014-04-01T14:34:58.915Z
ICLISTENHF1251_20140401T150458.921Z.wav,2014-04-01T15:04:58.921Z
ICLISTENHF1251_20140401T152458.925Z.wav,2014-04-01T15:24:58.925Z
ICLISTENHF1251_20140401T160458.933Z.wav,2014-04-01T16:04:58.933Z
ICLISTENHF1251_20140401T161458.934Z.wav,2014-04-01T16:14:58.934Z
ICLISTENHF1251_20140401T162458.936Z.wav,2014-04-01T16:24:58.936Z
ICLISTENHF1251_20140401T163458.938Z.wav,2014-04-01T16:34:58.938Z
ICLISTENHF1251_20140401T164458.940Z.wav,2014-04-01T16:44:58.940Z
ICLISTENHF1251_20140401T165458.941Z.wav,2014-04-01T16:54:58.941Z
ICLISTENHF1251_20140401T170458.943Z.wav,2014-04-01T17:04:58.943Z
ICLISTENHF1251_20140401T201458.983Z.wav,2014-04-01T20:14:58.983Z
ICLISTENHF1251_20140402T195959.244Z.wav,2014-04-02T19:59:59.244Z
ICLISTENHF1251_20140402T202959.250Z.wav,2014-04-02T20:29:59.250Z
ICLISTENHF1251_20140404T113459.656Z.wav,2014-04-04T11:34:59.656Z
ICLISTENHF1251_20140404T114459.660Z.wav,2014-04-04T11:44:59.660Z
ICLISTENHF1251_20140404T115459.662Z.wav,2014-04-04T11:54:59.662Z
ICLISTENHF1251_20140404T120459.665Z.wav,2014-04-04T12:04:59.665Z
ICLISTENHF1251_20140404T121459.668Z.wav,2014-04-04T12:14:59.668Z
ICLISTENHF1251_20140404T122459.671Z.wav,2014-04-04T12:24:59.671Z
ICLISTENHF1251_20140404T123459.674Z.wav,2014-04-04T12:34:59.674Z
ICLISTENHF1251_20140404T124459.677Z.wav,2014-04-04T12:44:59.677Z
ICLISTENHF1251_20140404T125459.680Z.wav,2014-04-04T12:54:59.680Z
ICLISTENHF1251_20140404T180459.751Z.wav,2014-04-04T18:04:59.751Z
ICLISTENHF1251_20140404T182459.755Z.wav,2014-04-04T18:24:59.755Z
ICLISTENHF1251_20140404T183459.757Z.wav,2014-04-04T18:34:59.757Z
ICLISTENHF1251_20140404T185459.761Z.wav,2014-04-04T18:54:59.761Z
ICLISTENHF1251_20140404T190459.763Z.wav,2014-04-04T19:04:59.763Z
ICLISTENHF1251_20140404T191459.765Z.wav,2014-04-04T19:14:59.765Z
ICLISTENHF1251_20140404T201459.777Z.wav,2014-04-04T20:14:59.777Z
ICLISTENHF1251_20140404T202459.780Z.wav,2014-04-04T20:24:59.780Z
ICLISTENHF1251_20140404T203459.781Z.wav,2014-04-04T20:34:59.781Z
ICLISTENHF1251_20140404T204459.783Z.wav,2014-04-04T20:44:59.783Z
ICLISTENHF1251_20140404T210459.787Z.wav,2014-04-04T21:04:59.787Z
ICLISTENHF1251_20140404T212459.791Z.wav,2014-04-04T21:24:59.791Z
ICLISTENHF1251_20140404T214459.795Z.wav,2014-04-04T21:44:59.795Z
ICLISTENHF1251_20140404T221459.800Z.wav,2014-04-04T22:14:59.800Z
ICLISTENHF1251_20140404T232459.810Z.wav,2014-04-04T23:24:59.810Z
ICLISTENHF1251_20140602T073123.901Z.wav,2014-06-02T07:31:23.901Z
ICLISTENHF1251_20140701T040216.112Z.wav,2014-07-01T04:02:16.112Z
ICLISTENHF1251_20140701T041216.115Z.wav,2014-07-01T04:12:16.115Z
ICLISTENHF1251_20140701T100216.178Z.wav,2014-07-01T10:02:16.178Z
ICLISTENHF1251_20140701T122216.204Z.wav,2014-07-01T12:22:16.204Z
ICLISTENHF1251_20140702T053216.390Z.wav,2014-07-02T05:32:16.390Z
ICLISTENHF1251_20140702T140216.484Z.wav,2014-07-02T14:02:16.484Z
ICLISTENHF1251_20140702T213216.569Z.wav,2014-07-02T21:32:16.569Z
ICLISTENHF1251_20140702T223216.581Z.wav,2014-07-02T22:32:16.581Z
ICLISTENHF1251_20140702T234216.592Z.wav,2014-07-02T23:42:16.592Z
ICLISTENHF1251_20140703T004216.604Z.wav,2014-07-03T00:42:16.604Z
ICLISTENHF1251_20140703T110216.713Z.wav,2014-07-03T11:02:16.713Z
ICLISTENHF1251_20140704T061257.371Z.wav,2014-07-04T06:12:57.371Z
ICLISTENHF1251_20140704T065257.378Z.wav,2014-07-04T06:52:57.378Z
ICLISTENHF1251_20140704T072257.384Z.wav,2014-07-04T07:22:57.384Z
ICLISTENHF1251_20140704T073257.387Z.wav,2014-07-04T07:32:57.387Z
ICLISTENHF1251_20140704T101257.415Z.wav,2014-07-04T10:12:57.415Z
ICLISTENHF1251_20140704T120257.436Z.wav,2014-07-04T12:02:57.436Z
ICLISTENHF1251_20140704T121257.437Z.wav,2014-07-04T12:12:57.437Z
ICLISTENHF1251_20140704T122257.438Z.wav,2014-07-04T12:22:57.438Z
ICLISTENHF1251_20140704T123257.440Z.wav,2014-07-04T12:32:57.440Z
ICLISTENHF1251_20140704T125257.444Z.wav,2014-07-04T12:52:57.444Z
ICLISTENHF1251_20140704T171257.489Z.wav,2014-07-04T17:12:57.489Z
ICLISTENHF1251_20140704T192257.516Z.wav,2014-07-04T19:22:57.516Z
ICLISTENHF1251_20140704T201257.526Z.wav,2014-07-04T20:12:57.526Z
ICLISTENHF1251_20140902T060408.611Z.wav,2014-09-02T06:04:08.611Z
ICLISTENHF1251_20140902T061408.614Z.wav,2014-09-02T06:14:08.614Z
ICLISTENHF1251_20140902T070408.622Z.wav,2014-09-02T07:04:08.622Z
ICLISTENHF1251_20140902T072408.625Z.wav,2014-09-02T07:24:08.625Z
ICLISTENHF1251_20140902T075408.631Z.wav,2014-09-02T07:54:08.631Z
ICLISTENHF1251_20140902T080408.632Z.wav,2014-09-02T08:04:08.632Z
ICLISTENHF1251_20140902T081408.634Z.wav,2014-09-02T08:14:08.634Z
ICLISTENHF1251_20140902T082408.635Z.wav,2014-09-02T08:24:08.635Z
ICLISTENHF1251_20140902T084408.640Z.wav,2014-09-02T08:44:08.640Z
ICLISTENHF1251_20140902T085408.641Z.wav,2014-09-02T08:54:08.641Z
ICLISTENHF1251_20140902T101408.655Z.wav,2014-09-02T10:14:08.655Z
ICLISTENHF1251_20140902T103408.660Z.wav,2014-09-02T10:34:08.660Z
ICLISTENHF1251_20140902T104408.661Z.wav,2014-09-02T10:44:08.661Z
ICLISTENHF1251_20140902T115408.674Z.wav,2014-09-02T11:54:08.674Z
ICLISTENHF1251_20140902T121408.678Z.wav,2014-09-02T12:14:08.678Z
ICLISTENHF1251_20140902T123408.681Z.wav,2014-09-02T12:34:08.681Z
ICLISTENHF1251_20140903T233409.063Z.wav,2014-09-03T23:34:09.063Z
ICLISTENHF1251_20141001T061108.364Z.wav,2014-10-01T06:11:08.364Z
ICLISTENHF1251_20141001T175347.802Z.wav,2014-10-01T17:53:47.802Z
ICLISTENHF1251_20141002T101209.900Z.wav,2014-10-02T10:12:09.900Z
ICLISTENHF1251_20141002T102209.901Z.wav,2014-10-02T10:22:09.901Z
ICLISTENHF1251_20141002T103209.904Z.wav,2014-10-02T10:32:09.904Z
ICLISTENHF1251_20141002T104209.904Z.wav,2014-10-02T10:42:09.904Z
ICLISTENHF1251_20141002T105209.907Z.wav,2014-10-02T10:52:09.907Z
ICLISTENHF1251_20141002T111209.911Z.wav,2014-10-02T11:12:09.911Z
ICLISTENHF1251_20141002T112209.913Z.wav,2014-10-02T11:22:09.913Z
ICLISTENHF1251_20141002T113209.914Z.wav,2014-10-02T11:32:09.914Z
ICLISTENHF1251_20141002T114209.917Z.wav,2014-10-02T11:42:09.917Z
ICLISTENHF1251_20141003T103130.917Z.wav,2014-10-03T10:31:30.917Z
ICLISTENHF1251_20141003T140240.328Z.wav,2014-10-03T14:02:40.328Z
ICLISTENHF1251_20141103T114455.305Z.wav,2014-11-03T11:44:55.305Z
ICLISTENHF1251_20141104T050254.865Z.wav,2014-11-04T05:02:54.865Z
ICLISTENHF1251_20141201T201144.795Z.wav,2014-12-01T20:11:44.795Z
ICLISTENHF1251_20141202T041144.884Z.wav,2014-12-02T04:11:44.884Z
ICLISTENHF1251_20141202T092144.937Z.wav,2014-12-02T09:21:44.937Z
ICLISTENHF1251_20141202T093144.938Z.wav,2014-12-02T09:31:44.938Z
ICLISTENHF1251_20141202T094144.940Z.wav,2014-12-02T09:41:44.940Z
ICLISTENHF1251_20141202T095144.941Z.wav,2014-12-02T09:51:44.941Z
ICLISTENHF1251_20141202T181145.032Z.wav,2014-12-02T18:11:45.032Z
ICLISTENHF1251_20141204T042118.881Z.wav,2014-12-04T04:21:18.881Z
ICLISTENHF1251_20141204T043118.882Z.wav,2014-12-04T04:31:18.882Z
ICLISTENHF1251_20141204T055118.904Z.wav,2014-12-04T05:51:18.904Z
ICLISTENHF1251_20141204T060118.905Z.wav,2014-12-04T06:01:18.905Z
ICLISTENHF1251_20141204T061118.908Z.wav,2014-12-04T06:11:18.908Z
ICLISTENHF1251_20141204T064118.915Z.wav,2014-12-04T06:41:18.915Z
